sample,Gene_001,Gene_002,Gene_003,Gene_004,Gene_005,Gene_006,Gene_007,Gene_008,Gene_009,Gene_010,Gene_011,Gene_012,Gene_013,Gene_014,Gene_015,Gene_016,Gene_017,Gene_018,Gene_019,Gene_020,Gene_021,Gene_022,Gene_023,Gene_024,Gene_025,Gene_026,Gene_027,Gene_028,Gene_029,Gene_030,Gene_031,Gene_032,Gene_033,Gene_034,Gene_035,Gene_036,Gene_037,Gene_038,Gene_039,Gene_040,Gene_041,Gene_042,Gene_043,Gene_044,Gene_045,Gene_046,Gene_047,Gene_048,Gene_049,Gene_050,Gene_051,Gene_052,Gene_053,Gene_054,Gene_055,Gene_056,Gene_057,Gene_058,Gene_059,Gene_060,Gene_061,Gene_062,Gene_063,Gene_064,Gene_065,Gene_066,Gene_067,Gene_068,Gene_069,Gene_070,Gene_071,Gene_072,Gene_073,Gene_074,Gene_075,Gene_076,Gene_077,Gene_078,Gene_079,Gene_080,Gene_081,Gene_082,Gene_083,Gene_084,Gene_085,Gene_086,Gene_087,Gene_088,Gene_089,Gene_090,Gene_091,Gene_092,Gene_093,Gene_094,Gene_095,Gene_096,Gene_097,Gene_098,Gene_099,Gene_100
Normal_Rep1,147,199,164,139,335,252,120,134,113,135,161,188,135,130,229,223,270,122,199,117,141,131,176,95,211,215,166,127,147,121,196,226,193,174,246,235,186,155,157,260,226,177,127,208,235,162,129,179,248,245,149,164,123,141,184,206,246,226,128,192,208,125,152,203,214,158,162,110,287,226,242,132,196,141,301,176,105,131,123,199,283,255,173,279,152,173,151,250,76,147,153,145,172,140,175,187,144,295,138,224
Normal_Rep2,143,256,221,139,254,275,151,170,111,137,172,189,155,145,227,239,240,153,186,134,158,110,182,161,165,247,213,128,169,122,226,133,164,188,274,205,230,165,309,233,154,161,163,218,214,170,139,197,181,231,148,168,140,187,135,233,202,172,163,91,240,124,116,239,225,198,205,99,247,188,193,184,245,205,219,145,91,190,112,247,268,224,150,220,173,172,154,173,119,197,169,153,153,154,127,223,133,237,140,201
Normal_Rep3,92,223,186,109,241,295,141,176,84,149,204,164,100,163,209,154,224,243,207,162,128,89,158,132,169,216,255,102,177,148,193,169,192,180,257,187,131,185,283,232,130,176,162,204,203,171,113,182,161,244,97,175,143,184,183,258,198,161,131,119,209,93,151,216,169,189,198,94,285,193,166,164,228,226,225,147,131,143,139,159,278,170,149,228,165,148,167,184,83,117,185,214,154,191,159,195,92,325,153,257
Treatment_A_Rep1,628,591,998,669,1666,1206,551,394,453,543,568,851,544,618,897,62,72,40,87,56,40,40,19,45,62,76,51,49,83,52,172,146,98,164,302,155,157,182,205,172,139,205,150,165,208,146,163,237,152,220,117,134,134,197,159,168,242,193,119,147,189,125,130,210,227,114,185,96,227,240,215,137,214,190,223,148,96,157,151,187,241,181,141,274,161,171,173,207,106,165,143,150,197,194,138,219,143,294,146,170
Treatment_A_Rep2,657,1234,709,614,1494,842,506,510,396,555,913,794,736,676,724,65,47,76,43,36,50,30,45,28,49,52,87,40,63,43,158,142,142,109,235,197,210,187,301,180,172,154,131,191,148,114,140,212,240,207,132,176,108,138,199,230,225,207,155,144,216,118,108,152,175,195,186,102,200,200,216,123,193,133,241,153,122,176,114,188,279,185,148,278,135,180,177,164,73,183,173,140,194,167,136,207,148,211,146,196
Treatment_A_Rep3,633,638,724,684,1312,1192,423,572,359,584,610,783,537,800,732,56,60,79,53,41,55,35,44,47,64,56,54,40,44,34,231,132,114,137,225,206,243,133,234,199,134,220,171,208,182,170,146,196,223,219,159,188,108,195,161,203,192,212,129,162,299,95,122,210,205,165,223,120,210,183,174,117,285,229,240,147,133,173,113,125,266,195,147,275,173,216,134,222,104,188,79,137,152,154,165,138,123,238,162,191
Treatment_B_Rep1,150,167,199,131,287,317,111,146,92,157,177,222,145,120,235,219,322,182,213,155,137,126,150,93,156,190,180,130,197,82,576,839,546,627,828,1019,726,954,1330,841,636,1194,559,762,635,55,39,75,47,55,27,48,36,56,52,83,73,80,31,70,250,175,100,217,234,157,242,106,205,208,152,138,201,171,190,136,121,128,142,156,282,201,189,238,127,164,163,165,97,194,161,151,179,146,182,152,160,306,144,222
Treatment_B_Rep2,168,217,213,161,301,272,138,139,81,167,138,227,97,127,235,216,213,183,194,150,159,112,172,139,159,166,202,106,210,125,771,757,904,866,750,731,579,723,988,1047,593,644,468,733,921,57,48,44,44,63,57,45,41,36,35,63,85,49,40,46,162,136,116,200,208,133,240,107,192,193,197,171,247,229,236,158,111,190,136,202,237,234,131,320,150,196,203,169,118,144,156,172,145,151,150,194,143,304,187,209
Treatment_B_Rep3,174,182,203,146,339,213,99,172,107,124,147,174,131,117,194,203,244,198,227,136,180,101,170,140,159,221,189,130,242,107,996,855,865,742,945,417,680,642,543,879,653,434,543,942,1022,40,63,64,63,109,38,36,32,54,43,57,59,52,45,53,263,142,150,213,217,165,148,91,223,179,218,115,185,168,281,170,100,167,107,172,232,215,135,266,157,175,127,168,128,168,180,159,148,203,159,204,145,231,173,227
