cell_id,Gene_001,Gene_002,Gene_003,Gene_004,Gene_005,Gene_006,Gene_007,Gene_008,Gene_009,Gene_010,Gene_011,Gene_012,Gene_013,Gene_014,Gene_015,Gene_016,Gene_017,Gene_018,Gene_019,Gene_020,Gene_021,Gene_022,Gene_023,Gene_024,Gene_025,Gene_026,Gene_027,Gene_028,Gene_029,Gene_030,Gene_031,Gene_032,Gene_033,Gene_034,Gene_035,Gene_036,Gene_037,Gene_038,Gene_039,Gene_040,Gene_041,Gene_042,Gene_043,Gene_044,Gene_045,Gene_046,Gene_047,Gene_048,Gene_049,Gene_050,Gene_051,Gene_052,Gene_053,Gene_054,Gene_055,Gene_056,Gene_057,Gene_058,Gene_059,Gene_060,Gene_061,Gene_062,Gene_063,Gene_064,Gene_065,Gene_066,Gene_067,Gene_068,Gene_069,Gene_070,Gene_071,Gene_072,Gene_073,Gene_074,Gene_075,Gene_076,Gene_077,Gene_078,Gene_079,Gene_080,Gene_081,Gene_082,Gene_083,Gene_084,Gene_085,Gene_086,Gene_087,Gene_088,Gene_089,Gene_090,Gene_091,Gene_092,Gene_093,Gene_094,Gene_095,Gene_096,Gene_097,Gene_098,Gene_099,Gene_100
Cell_001,28.0,19.0,20.0,22.0,21.0,23.0,21.0,16.0,22.0,29.0,22.0,14.0,19.0,20.0,19.0,21.0,16.0,14.0,21.0,20.0,13.0,5.0,6.0,8.0,4.0,5.0,10.0,10.0,5.0,2.0,7.0,4.0,10.0,11.0,7.0,3.0,8.0,9.0,7.0,6.0,2.0,4.0,9.0,7.0,11.0,8.0,3.0,2.0,3.0,4.0,5.0,5.0,4.0,3.0,8.0,2.0,1.0,4.0,5.0,4.0,3.0,4.0,8.0,2.0,2.0,2.0,7.0,6.0,7.0,6.0,7.0,6.0,4.0,2.0,3.0,4.0,7.0,4.0,3.0,2.0,6.0,3.0,5.0,9.0,6.0,6.0,9.0,4.0,9.0,2.0,10.0,6.0,9.0,4.0,1.0,6.0,8.0,6.0,2.0,3.0
Cell_002,18.0,17.0,19.0,18.0,22.0,14.0,13.0,20.0,23.0,13.0,15.0,22.0,19.0,18.0,22.0,26.0,18.0,24.0,21.0,18.0,5.0,9.0,7.0,8.0,9.0,7.0,10.0,8.0,4.0,9.0,6.0,7.0,8.0,4.0,11.0,12.0,6.0,4.0,7.0,5.0,6.0,2.0,3.0,5.0,3.0,4.0,5.0,6.0,3.0,3.0,4.0,5.0,4.0,2.0,6.0,6.0,8.0,1.0,6.0,2.0,5.0,2.0,6.0,4.0,3.0,5.0,6.0,3.0,4.0,8.0,4.0,10.0,4.0,5.0,10.0,3.0,4.0,7.0,5.0,10.0,4.0,2.0,3.0,5.0,8.0,4.0,3.0,8.0,6.0,8.0,3.0,3.0,5.0,11.0,7.0,4.0,3.0,8.0,8.0,3.0
Cell_003,17.0,16.0,12.0,25.0,8.0,30.0,17.0,18.0,34.0,12.0,29.0,20.0,19.0,23.0,15.0,21.0,15.0,20.0,23.0,17.0,8.0,8.0,10.0,5.0,7.0,7.0,5.0,11.0,9.0,8.0,7.0,8.0,6.0,7.0,5.0,8.0,2.0,11.0,5.0,6.0,3.0,7.0,2.0,5.0,10.0,7.0,7.0,10.0,1.0,5.0,3.0,8.0,7.0,3.0,1.0,5.0,3.0,6.0,3.0,4.0,5.0,8.0,7.0,5.0,4.0,6.0,8.0,4.0,3.0,2.0,3.0,9.0,5.0,4.0,7.0,8.0,4.0,4.0,8.0,5.0,5.0,6.0,7.0,2.0,1.0,7.0,5.0,4.0,4.0,3.0,8.0,7.0,1.0,2.0,4.0,6.0,4.0,6.0,8.0,7.0
Cell_004,17.0,19.0,17.0,21.0,22.0,14.0,23.0,21.0,26.0,26.0,13.0,18.0,17.0,18.0,26.0,27.0,25.0,19.0,14.0,20.0,5.0,11.0,2.0,7.0,6.0,5.0,6.0,5.0,12.0,7.0,4.0,7.0,8.0,8.0,7.0,2.0,9.0,5.0,4.0,5.0,6.0,6.0,4.0,5.0,5.0,7.0,5.0,3.0,4.0,7.0,5.0,7.0,8.0,7.0,5.0,8.0,4.0,6.0,8.0,6.0,3.0,8.0,4.0,7.0,2.0,10.0,6.0,4.0,5.0,6.0,4.0,5.0,6.0,3.0,7.0,7.0,8.0,4.0,7.0,3.0,4.0,4.0,0.0,1.0,1.0,7.0,5.0,5.0,8.0,3.0,5.0,3.0,5.0,1.0,7.0,2.0,4.0,6.0,7.0,9.0
Cell_005,15.0,15.0,16.0,22.0,28.0,24.0,18.0,16.0,20.0,26.0,11.0,20.0,21.0,15.0,21.0,20.0,25.0,25.0,20.0,14.0,8.0,7.0,7.0,13.0,4.0,4.0,6.0,7.0,8.0,9.0,7.0,4.0,10.0,6.0,5.0,7.0,4.0,4.0,9.0,7.0,0.0,8.0,5.0,4.0,5.0,7.0,6.0,3.0,4.0,2.0,4.0,1.0,9.0,3.0,1.0,5.0,4.0,6.0,5.0,8.0,5.0,7.0,4.0,1.0,5.0,4.0,3.0,2.0,12.0,5.0,10.0,6.0,1.0,6.0,2.0,4.0,5.0,8.0,4.0,2.0,1.0,8.0,8.0,4.0,1.0,9.0,4.0,2.0,4.0,3.0,8.0,9.0,4.0,4.0,5.0,11.0,8.0,6.0,2.0,8.0
Cell_006,20.0,18.0,17.0,20.0,15.0,14.0,19.0,29.0,18.0,13.0,21.0,23.0,24.0,22.0,15.0,17.0,21.0,13.0,21.0,20.0,3.0,9.0,5.0,5.0,9.0,12.0,7.0,9.0,7.0,2.0,7.0,7.0,8.0,4.0,11.0,8.0,8.0,4.0,5.0,2.0,4.0,1.0,4.0,3.0,5.0,6.0,6.0,4.0,4.0,5.0,1.0,9.0,7.0,5.0,4.0,5.0,4.0,1.0,3.0,7.0,6.0,10.0,4.0,5.0,6.0,6.0,8.0,4.0,3.0,3.0,9.0,7.0,2.0,2.0,4.0,6.0,9.0,11.0,4.0,7.0,7.0,3.0,7.0,5.0,2.0,9.0,6.0,3.0,6.0,3.0,2.0,8.0,4.0,5.0,4.0,3.0,4.0,3.0,11.0,6.0
Cell_007,16.0,16.0,18.0,16.0,21.0,14.0,16.0,21.0,22.0,19.0,18.0,18.0,13.0,27.0,21.0,18.0,20.0,17.0,14.0,15.0,7.0,13.0,5.0,7.0,8.0,4.0,7.0,10.0,2.0,13.0,7.0,6.0,7.0,12.0,5.0,7.0,6.0,7.0,10.0,1.0,5.0,7.0,3.0,7.0,5.0,7.0,5.0,7.0,5.0,4.0,5.0,11.0,7.0,6.0,3.0,0.0,10.0,5.0,5.0,3.0,4.0,2.0,2.0,7.0,3.0,1.0,3.0,7.0,5.0,5.0,4.0,5.0,5.0,3.0,3.0,6.0,6.0,4.0,9.0,6.0,5.0,5.0,4.0,10.0,6.0,2.0,4.0,3.0,2.0,5.0,6.0,5.0,10.0,5.0,5.0,4.0,4.0,3.0,6.0,4.0
Cell_008,21.0,39.0,27.0,22.0,29.0,16.0,12.0,22.0,33.0,19.0,18.0,22.0,23.0,14.0,20.0,21.0,19.0,21.0,25.0,19.0,5.0,9.0,11.0,9.0,8.0,8.0,4.0,7.0,11.0,7.0,5.0,5.0,6.0,6.0,3.0,8.0,5.0,5.0,3.0,8.0,3.0,5.0,2.0,6.0,6.0,7.0,6.0,6.0,4.0,4.0,7.0,5.0,5.0,8.0,4.0,2.0,3.0,4.0,6.0,9.0,3.0,5.0,3.0,2.0,4.0,9.0,4.0,5.0,8.0,8.0,5.0,3.0,9.0,2.0,8.0,7.0,6.0,9.0,3.0,6.0,7.0,7.0,5.0,5.0,1.0,7.0,4.0,7.0,5.0,5.0,3.0,5.0,5.0,4.0,3.0,3.0,5.0,10.0,2.0,5.0
Cell_009,15.0,21.0,22.0,16.0,15.0,25.0,19.0,24.0,14.0,18.0,16.0,16.0,19.0,18.0,22.0,16.0,20.0,23.0,19.0,13.0,6.0,5.0,5.0,5.0,9.0,6.0,6.0,9.0,9.0,9.0,10.0,7.0,11.0,4.0,3.0,11.0,3.0,9.0,10.0,5.0,9.0,2.0,5.0,10.0,5.0,4.0,7.0,3.0,6.0,3.0,3.0,4.0,1.0,2.0,4.0,5.0,8.0,7.0,7.0,2.0,6.0,8.0,6.0,4.0,4.0,4.0,1.0,6.0,8.0,7.0,7.0,6.0,6.0,4.0,3.0,6.0,3.0,10.0,5.0,6.0,6.0,4.0,6.0,5.0,3.0,2.0,3.0,2.0,8.0,7.0,4.0,3.0,3.0,6.0,5.0,1.0,8.0,9.0,4.0,7.0
Cell_010,19.0,23.0,19.0,18.0,21.0,30.0,22.0,22.0,17.0,24.0,21.0,18.0,19.0,23.0,24.0,18.0,22.0,19.0,20.0,22.0,6.0,8.0,9.0,7.0,6.0,6.0,10.0,3.0,4.0,12.0,5.0,11.0,7.0,6.0,9.0,8.0,6.0,7.0,8.0,6.0,4.0,4.0,3.0,4.0,2.0,7.0,6.0,7.0,5.0,4.0,5.0,4.0,7.0,5.0,6.0,5.0,2.0,4.0,4.0,6.0,11.0,6.0,8.0,5.0,3.0,5.0,1.0,8.0,6.0,4.0,7.0,1.0,7.0,3.0,9.0,4.0,2.0,4.0,6.0,2.0,1.0,7.0,7.0,6.0,8.0,7.0,5.0,6.0,6.0,7.0,6.0,3.0,3.0,1.0,5.0,3.0,9.0,8.0,4.0,2.0
Cell_011,19.0,14.0,12.0,17.0,20.0,21.0,19.0,16.0,19.0,27.0,16.0,15.0,27.0,14.0,19.0,11.0,24.0,18.0,24.0,30.0,4.0,12.0,5.0,3.0,6.0,7.0,8.0,6.0,8.0,6.0,7.0,6.0,4.0,8.0,6.0,4.0,7.0,11.0,7.0,4.0,4.0,4.0,4.0,7.0,8.0,7.0,3.0,6.0,6.0,4.0,6.0,9.0,6.0,4.0,6.0,7.0,4.0,3.0,4.0,5.0,3.0,5.0,3.0,5.0,5.0,5.0,6.0,6.0,6.0,5.0,7.0,3.0,5.0,7.0,2.0,8.0,4.0,2.0,5.0,5.0,4.0,6.0,8.0,4.0,3.0,6.0,4.0,2.0,3.0,1.0,9.0,5.0,3.0,4.0,3.0,4.0,6.0,4.0,2.0,6.0
Cell_012,24.0,17.0,11.0,26.0,18.0,17.0,22.0,26.0,24.0,16.0,20.0,17.0,21.0,16.0,28.0,18.0,13.0,19.0,20.0,20.0,9.0,6.0,13.0,9.0,7.0,5.0,6.0,6.0,6.0,5.0,11.0,6.0,0.0,8.0,7.0,5.0,7.0,10.0,7.0,7.0,3.0,6.0,2.0,6.0,6.0,6.0,5.0,3.0,4.0,4.0,5.0,4.0,4.0,5.0,5.0,5.0,7.0,3.0,2.0,4.0,4.0,6.0,3.0,5.0,5.0,5.0,5.0,3.0,10.0,5.0,4.0,4.0,7.0,3.0,6.0,2.0,4.0,4.0,4.0,8.0,5.0,8.0,5.0,7.0,8.0,3.0,4.0,6.0,4.0,4.0,6.0,2.0,4.0,2.0,8.0,7.0,2.0,5.0,6.0,7.0
Cell_013,16.0,23.0,18.0,16.0,20.0,33.0,17.0,19.0,24.0,21.0,22.0,18.0,19.0,23.0,15.0,21.0,14.0,10.0,12.0,22.0,7.0,3.0,9.0,4.0,6.0,9.0,5.0,4.0,6.0,5.0,6.0,8.0,8.0,12.0,13.0,9.0,7.0,3.0,5.0,8.0,3.0,3.0,5.0,5.0,6.0,2.0,6.0,4.0,3.0,4.0,2.0,6.0,8.0,5.0,6.0,5.0,5.0,6.0,4.0,4.0,5.0,5.0,4.0,4.0,7.0,5.0,4.0,3.0,9.0,6.0,6.0,4.0,7.0,6.0,6.0,2.0,6.0,4.0,7.0,8.0,6.0,3.0,4.0,5.0,3.0,5.0,8.0,8.0,5.0,5.0,8.0,5.0,4.0,3.0,7.0,4.0,4.0,5.0,3.0,5.0
Cell_014,24.0,22.0,16.0,22.0,11.0,16.0,21.0,15.0,14.0,17.0,17.0,19.0,14.0,23.0,19.0,13.0,12.0,22.0,17.0,22.0,4.0,4.0,5.0,5.0,8.0,6.0,7.0,9.0,6.0,8.0,2.0,4.0,7.0,10.0,4.0,7.0,8.0,9.0,5.0,4.0,5.0,7.0,6.0,6.0,4.0,7.0,4.0,8.0,5.0,5.0,4.0,5.0,2.0,3.0,7.0,5.0,6.0,7.0,2.0,7.0,5.0,5.0,7.0,6.0,5.0,0.0,7.0,5.0,5.0,6.0,8.0,4.0,6.0,4.0,1.0,3.0,4.0,5.0,4.0,5.0,2.0,2.0,5.0,5.0,5.0,6.0,4.0,9.0,7.0,2.0,3.0,4.0,6.0,7.0,4.0,5.0,5.0,3.0,3.0,7.0
Cell_015,12.0,21.0,25.0,22.0,21.0,15.0,16.0,25.0,23.0,26.0,20.0,12.0,29.0,15.0,22.0,19.0,25.0,12.0,19.0,11.0,5.0,8.0,7.0,7.0,15.0,3.0,6.0,8.0,6.0,4.0,8.0,5.0,3.0,9.0,9.0,5.0,8.0,9.0,11.0,3.0,4.0,10.0,4.0,4.0,4.0,7.0,8.0,6.0,6.0,3.0,5.0,6.0,2.0,8.0,5.0,4.0,4.0,2.0,5.0,5.0,4.0,2.0,4.0,4.0,1.0,8.0,4.0,10.0,6.0,3.0,6.0,4.0,3.0,2.0,3.0,5.0,3.0,4.0,3.0,6.0,5.0,5.0,4.0,4.0,6.0,4.0,6.0,4.0,5.0,5.0,4.0,5.0,3.0,4.0,6.0,6.0,1.0,3.0,4.0,6.0
Cell_016,18.0,17.0,24.0,31.0,24.0,17.0,19.0,24.0,28.0,22.0,20.0,16.0,23.0,25.0,23.0,26.0,22.0,29.0,22.0,18.0,3.0,5.0,9.0,10.0,5.0,4.0,7.0,7.0,9.0,6.0,10.0,5.0,7.0,7.0,8.0,9.0,13.0,10.0,9.0,8.0,4.0,8.0,6.0,2.0,4.0,0.0,6.0,0.0,7.0,9.0,7.0,2.0,4.0,8.0,5.0,5.0,6.0,2.0,4.0,7.0,3.0,6.0,2.0,8.0,10.0,5.0,4.0,4.0,8.0,9.0,7.0,7.0,3.0,8.0,7.0,2.0,5.0,7.0,6.0,1.0,3.0,4.0,4.0,3.0,7.0,9.0,4.0,3.0,4.0,4.0,6.0,3.0,10.0,5.0,5.0,3.0,2.0,7.0,5.0,4.0
Cell_017,23.0,32.0,25.0,24.0,21.0,20.0,19.0,20.0,19.0,19.0,15.0,17.0,10.0,15.0,23.0,12.0,16.0,19.0,22.0,23.0,4.0,6.0,7.0,5.0,9.0,7.0,5.0,5.0,8.0,7.0,3.0,9.0,9.0,10.0,1.0,7.0,5.0,8.0,6.0,11.0,2.0,3.0,3.0,5.0,6.0,9.0,6.0,7.0,2.0,2.0,8.0,8.0,8.0,7.0,6.0,2.0,7.0,6.0,5.0,6.0,4.0,4.0,4.0,5.0,4.0,7.0,2.0,4.0,1.0,6.0,1.0,6.0,6.0,0.0,6.0,1.0,4.0,6.0,7.0,6.0,3.0,7.0,6.0,5.0,7.0,4.0,7.0,1.0,2.0,2.0,6.0,8.0,6.0,0.0,10.0,2.0,5.0,8.0,5.0,4.0
Cell_018,13.0,27.0,20.0,24.0,15.0,17.0,17.0,25.0,27.0,11.0,16.0,23.0,24.0,14.0,20.0,16.0,21.0,25.0,23.0,16.0,9.0,5.0,2.0,9.0,10.0,9.0,5.0,10.0,7.0,8.0,7.0,6.0,5.0,8.0,10.0,4.0,5.0,1.0,6.0,9.0,5.0,5.0,3.0,3.0,6.0,5.0,7.0,6.0,8.0,8.0,8.0,9.0,5.0,3.0,4.0,5.0,6.0,7.0,4.0,6.0,13.0,3.0,7.0,7.0,2.0,5.0,2.0,4.0,3.0,3.0,1.0,7.0,4.0,9.0,4.0,6.0,3.0,8.0,6.0,5.0,3.0,11.0,7.0,6.0,6.0,6.0,6.0,5.0,8.0,6.0,8.0,13.0,4.0,1.0,4.0,2.0,7.0,4.0,5.0,8.0
Cell_019,22.0,24.0,19.0,15.0,20.0,24.0,22.0,19.0,17.0,20.0,16.0,24.0,15.0,24.0,13.0,19.0,24.0,16.0,29.0,23.0,9.0,10.0,12.0,7.0,10.0,7.0,6.0,5.0,6.0,5.0,7.0,7.0,7.0,9.0,5.0,7.0,8.0,10.0,7.0,6.0,3.0,5.0,7.0,5.0,5.0,10.0,2.0,6.0,7.0,4.0,11.0,5.0,4.0,1.0,11.0,3.0,2.0,7.0,5.0,1.0,6.0,4.0,9.0,4.0,9.0,5.0,2.0,8.0,2.0,7.0,9.0,3.0,3.0,6.0,7.0,2.0,9.0,5.0,5.0,3.0,6.0,6.0,4.0,6.0,8.0,4.0,6.0,4.0,9.0,5.0,7.0,2.0,4.0,4.0,7.0,3.0,4.0,3.0,3.0,2.0
Cell_020,26.0,18.0,8.0,25.0,19.0,18.0,26.0,25.0,27.0,23.0,19.0,18.0,21.0,26.0,14.0,20.0,17.0,25.0,17.0,25.0,10.0,7.0,5.0,7.0,7.0,4.0,5.0,9.0,5.0,9.0,6.0,11.0,6.0,7.0,5.0,4.0,7.0,9.0,10.0,14.0,5.0,4.0,3.0,7.0,4.0,8.0,8.0,1.0,5.0,4.0,3.0,2.0,8.0,8.0,3.0,4.0,12.0,3.0,3.0,4.0,3.0,4.0,6.0,4.0,3.0,8.0,2.0,3.0,7.0,3.0,7.0,5.0,2.0,9.0,4.0,3.0,1.0,2.0,6.0,10.0,6.0,6.0,2.0,4.0,5.0,8.0,5.0,3.0,1.0,7.0,7.0,4.0,4.0,4.0,9.0,1.0,3.0,4.0,3.0,3.0
Cell_021,19.0,24.0,19.0,12.0,30.0,15.0,15.0,23.0,28.0,34.0,17.0,15.0,21.0,21.0,20.0,19.0,25.0,25.0,20.0,21.0,8.0,9.0,8.0,10.0,11.0,10.0,7.0,7.0,4.0,6.0,3.0,8.0,9.0,6.0,10.0,10.0,7.0,6.0,8.0,2.0,4.0,2.0,2.0,5.0,6.0,5.0,4.0,5.0,7.0,4.0,2.0,9.0,4.0,3.0,4.0,4.0,6.0,4.0,6.0,9.0,3.0,3.0,8.0,6.0,1.0,7.0,5.0,7.0,5.0,2.0,6.0,7.0,5.0,6.0,5.0,6.0,3.0,4.0,5.0,8.0,10.0,5.0,3.0,7.0,2.0,6.0,6.0,6.0,5.0,0.0,6.0,4.0,6.0,3.0,6.0,3.0,5.0,2.0,4.0,7.0
Cell_022,25.0,19.0,16.0,24.0,10.0,23.0,19.0,23.0,12.0,17.0,23.0,21.0,17.0,16.0,21.0,22.0,17.0,21.0,26.0,21.0,8.0,6.0,2.0,9.0,9.0,9.0,6.0,9.0,8.0,5.0,8.0,7.0,9.0,12.0,5.0,6.0,4.0,11.0,5.0,10.0,4.0,2.0,2.0,5.0,8.0,5.0,6.0,3.0,5.0,8.0,4.0,5.0,1.0,5.0,6.0,3.0,6.0,5.0,5.0,6.0,6.0,7.0,6.0,5.0,6.0,6.0,5.0,10.0,4.0,8.0,6.0,4.0,5.0,4.0,6.0,2.0,2.0,9.0,1.0,3.0,4.0,3.0,2.0,6.0,2.0,7.0,10.0,1.0,2.0,4.0,4.0,8.0,6.0,2.0,6.0,8.0,8.0,2.0,5.0,4.0
Cell_023,19.0,28.0,17.0,23.0,21.0,12.0,18.0,18.0,13.0,20.0,17.0,8.0,12.0,16.0,16.0,16.0,22.0,19.0,21.0,28.0,12.0,2.0,11.0,4.0,12.0,9.0,6.0,8.0,6.0,7.0,5.0,9.0,7.0,10.0,9.0,4.0,9.0,14.0,5.0,9.0,4.0,6.0,6.0,5.0,6.0,4.0,4.0,7.0,7.0,5.0,3.0,3.0,3.0,2.0,6.0,3.0,3.0,11.0,4.0,10.0,8.0,3.0,7.0,5.0,3.0,5.0,6.0,5.0,5.0,2.0,6.0,5.0,4.0,7.0,5.0,6.0,6.0,6.0,3.0,5.0,4.0,8.0,3.0,2.0,1.0,7.0,3.0,2.0,4.0,6.0,2.0,7.0,4.0,10.0,8.0,6.0,7.0,3.0,4.0,8.0
Cell_024,18.0,14.0,19.0,19.0,20.0,16.0,15.0,19.0,24.0,20.0,18.0,21.0,21.0,19.0,27.0,18.0,14.0,24.0,17.0,19.0,3.0,4.0,6.0,7.0,4.0,8.0,5.0,6.0,6.0,10.0,9.0,7.0,9.0,6.0,10.0,4.0,8.0,7.0,7.0,6.0,1.0,6.0,5.0,2.0,4.0,10.0,3.0,11.0,2.0,3.0,3.0,2.0,3.0,6.0,6.0,7.0,3.0,5.0,2.0,5.0,4.0,1.0,3.0,3.0,8.0,10.0,4.0,5.0,6.0,3.0,11.0,5.0,5.0,3.0,7.0,2.0,5.0,4.0,6.0,4.0,5.0,3.0,5.0,6.0,3.0,7.0,4.0,2.0,12.0,4.0,2.0,7.0,1.0,0.0,3.0,10.0,2.0,9.0,3.0,6.0
Cell_025,22.0,13.0,19.0,19.0,19.0,19.0,16.0,20.0,20.0,15.0,21.0,13.0,22.0,19.0,15.0,20.0,28.0,21.0,22.0,23.0,3.0,8.0,3.0,4.0,6.0,10.0,9.0,5.0,10.0,5.0,7.0,6.0,5.0,9.0,12.0,4.0,2.0,10.0,10.0,5.0,6.0,8.0,6.0,4.0,6.0,6.0,4.0,4.0,5.0,9.0,5.0,6.0,9.0,3.0,10.0,7.0,6.0,5.0,5.0,9.0,7.0,7.0,5.0,2.0,5.0,4.0,7.0,3.0,3.0,6.0,3.0,5.0,3.0,8.0,3.0,7.0,5.0,6.0,4.0,6.0,7.0,10.0,7.0,6.0,4.0,6.0,2.0,2.0,3.0,9.0,4.0,7.0,8.0,6.0,3.0,6.0,3.0,7.0,6.0,2.0
Cell_026,20.0,15.0,27.0,21.0,16.0,16.0,12.0,26.0,17.0,17.0,26.0,15.0,24.0,18.0,20.0,31.0,13.0,29.0,26.0,21.0,10.0,4.0,7.0,9.0,5.0,5.0,7.0,3.0,4.0,5.0,5.0,4.0,8.0,5.0,9.0,8.0,3.0,9.0,5.0,6.0,3.0,6.0,4.0,1.0,9.0,7.0,5.0,4.0,2.0,4.0,5.0,4.0,6.0,3.0,7.0,5.0,6.0,7.0,2.0,6.0,4.0,6.0,3.0,6.0,8.0,3.0,7.0,15.0,7.0,6.0,3.0,2.0,5.0,6.0,6.0,4.0,1.0,6.0,8.0,2.0,2.0,2.0,5.0,7.0,7.0,9.0,4.0,7.0,5.0,7.0,7.0,3.0,5.0,5.0,5.0,5.0,8.0,2.0,6.0,6.0
Cell_027,21.0,11.0,27.0,17.0,15.0,9.0,30.0,21.0,22.0,17.0,23.0,14.0,18.0,11.0,20.0,22.0,11.0,12.0,23.0,24.0,10.0,6.0,10.0,9.0,4.0,10.0,5.0,8.0,5.0,8.0,4.0,9.0,3.0,10.0,6.0,7.0,4.0,4.0,4.0,2.0,3.0,4.0,4.0,7.0,9.0,1.0,3.0,5.0,1.0,3.0,5.0,7.0,4.0,6.0,4.0,3.0,5.0,4.0,4.0,4.0,5.0,4.0,8.0,3.0,5.0,4.0,3.0,5.0,5.0,5.0,2.0,4.0,4.0,7.0,2.0,3.0,4.0,5.0,7.0,5.0,3.0,2.0,5.0,7.0,5.0,5.0,7.0,7.0,10.0,4.0,4.0,0.0,3.0,3.0,2.0,9.0,8.0,8.0,4.0,10.0
Cell_028,14.0,14.0,11.0,19.0,26.0,14.0,26.0,21.0,16.0,17.0,16.0,26.0,24.0,25.0,22.0,23.0,16.0,15.0,26.0,24.0,7.0,9.0,8.0,8.0,5.0,11.0,7.0,8.0,9.0,8.0,6.0,5.0,5.0,12.0,10.0,10.0,5.0,5.0,6.0,8.0,4.0,3.0,5.0,7.0,9.0,2.0,6.0,2.0,3.0,5.0,3.0,4.0,5.0,4.0,5.0,2.0,4.0,5.0,6.0,10.0,5.0,6.0,7.0,4.0,7.0,6.0,2.0,3.0,4.0,4.0,5.0,7.0,3.0,3.0,6.0,3.0,9.0,7.0,5.0,6.0,6.0,3.0,8.0,10.0,6.0,7.0,2.0,5.0,8.0,6.0,2.0,3.0,10.0,3.0,4.0,9.0,2.0,5.0,1.0,5.0
Cell_029,24.0,13.0,20.0,23.0,18.0,13.0,22.0,22.0,19.0,18.0,22.0,17.0,23.0,24.0,26.0,27.0,14.0,28.0,17.0,15.0,10.0,7.0,8.0,3.0,3.0,6.0,9.0,13.0,7.0,8.0,8.0,6.0,10.0,4.0,9.0,8.0,4.0,6.0,7.0,7.0,4.0,3.0,4.0,5.0,7.0,10.0,7.0,5.0,3.0,4.0,4.0,8.0,8.0,4.0,4.0,8.0,4.0,6.0,6.0,1.0,5.0,3.0,9.0,4.0,8.0,8.0,2.0,6.0,9.0,4.0,4.0,6.0,13.0,6.0,8.0,8.0,1.0,8.0,4.0,4.0,2.0,6.0,6.0,3.0,5.0,8.0,9.0,3.0,2.0,7.0,6.0,6.0,6.0,4.0,6.0,10.0,4.0,3.0,0.0,8.0
Cell_030,21.0,17.0,27.0,21.0,12.0,31.0,20.0,19.0,24.0,16.0,17.0,20.0,30.0,31.0,17.0,17.0,25.0,26.0,15.0,22.0,9.0,5.0,7.0,5.0,2.0,8.0,4.0,7.0,4.0,7.0,5.0,7.0,7.0,8.0,11.0,11.0,10.0,15.0,7.0,7.0,10.0,2.0,4.0,6.0,4.0,5.0,3.0,3.0,3.0,6.0,5.0,9.0,1.0,5.0,6.0,5.0,8.0,4.0,6.0,5.0,7.0,4.0,7.0,4.0,5.0,5.0,5.0,6.0,5.0,3.0,3.0,5.0,4.0,5.0,2.0,8.0,4.0,1.0,3.0,6.0,7.0,5.0,3.0,5.0,4.0,4.0,2.0,3.0,4.0,6.0,8.0,5.0,2.0,3.0,6.0,6.0,9.0,5.0,3.0,6.0
Cell_031,20.0,19.0,20.0,20.0,23.0,33.0,29.0,16.0,19.0,13.0,31.0,22.0,16.0,15.0,19.0,24.0,26.0,25.0,27.0,24.0,6.0,8.0,10.0,13.0,5.0,7.0,8.0,2.0,2.0,6.0,5.0,5.0,10.0,10.0,10.0,6.0,9.0,4.0,11.0,8.0,7.0,2.0,2.0,5.0,10.0,6.0,4.0,1.0,8.0,5.0,3.0,4.0,3.0,3.0,4.0,4.0,5.0,3.0,6.0,4.0,6.0,6.0,5.0,7.0,5.0,6.0,4.0,8.0,11.0,6.0,3.0,4.0,8.0,6.0,5.0,6.0,4.0,5.0,14.0,4.0,6.0,2.0,5.0,5.0,4.0,3.0,6.0,5.0,7.0,8.0,6.0,5.0,8.0,9.0,3.0,5.0,2.0,6.0,9.0,5.0
Cell_032,22.0,27.0,21.0,18.0,17.0,21.0,23.0,19.0,24.0,23.0,22.0,17.0,20.0,20.0,29.0,24.0,19.0,26.0,19.0,19.0,6.0,11.0,5.0,9.0,4.0,10.0,6.0,3.0,4.0,6.0,6.0,6.0,10.0,7.0,12.0,10.0,6.0,9.0,4.0,15.0,5.0,12.0,4.0,5.0,3.0,3.0,5.0,3.0,8.0,6.0,4.0,2.0,8.0,7.0,3.0,3.0,8.0,5.0,6.0,9.0,4.0,5.0,6.0,7.0,3.0,4.0,4.0,1.0,5.0,4.0,1.0,3.0,7.0,0.0,9.0,5.0,4.0,0.0,6.0,6.0,2.0,3.0,5.0,7.0,5.0,5.0,6.0,3.0,5.0,4.0,3.0,7.0,4.0,7.0,6.0,4.0,4.0,3.0,5.0,4.0
Cell_033,24.0,19.0,15.0,20.0,18.0,19.0,16.0,21.0,21.0,16.0,23.0,14.0,11.0,11.0,18.0,20.0,24.0,28.0,27.0,20.0,9.0,1.0,6.0,4.0,3.0,14.0,7.0,5.0,8.0,7.0,6.0,11.0,13.0,9.0,4.0,5.0,6.0,9.0,5.0,8.0,6.0,5.0,5.0,1.0,6.0,4.0,4.0,2.0,5.0,4.0,9.0,4.0,0.0,11.0,8.0,7.0,6.0,3.0,5.0,6.0,3.0,5.0,8.0,6.0,7.0,4.0,3.0,8.0,1.0,5.0,6.0,5.0,5.0,5.0,5.0,6.0,5.0,5.0,8.0,3.0,5.0,3.0,3.0,7.0,4.0,4.0,2.0,6.0,3.0,7.0,7.0,8.0,6.0,7.0,4.0,7.0,2.0,5.0,3.0,7.0
Cell_034,29.0,19.0,26.0,20.0,21.0,18.0,15.0,14.0,20.0,27.0,25.0,21.0,19.0,17.0,14.0,17.0,11.0,18.0,22.0,22.0,9.0,8.0,9.0,7.0,8.0,8.0,8.0,10.0,6.0,7.0,9.0,6.0,7.0,4.0,7.0,9.0,5.0,7.0,6.0,5.0,4.0,3.0,6.0,9.0,5.0,6.0,4.0,3.0,9.0,3.0,9.0,4.0,8.0,3.0,3.0,5.0,8.0,3.0,4.0,8.0,3.0,3.0,2.0,7.0,2.0,6.0,5.0,6.0,2.0,10.0,3.0,6.0,5.0,7.0,6.0,7.0,4.0,7.0,2.0,6.0,7.0,5.0,4.0,5.0,2.0,8.0,5.0,6.0,5.0,6.0,8.0,7.0,0.0,4.0,7.0,7.0,2.0,3.0,9.0,7.0
Cell_035,26.0,19.0,13.0,26.0,20.0,16.0,19.0,21.0,10.0,25.0,17.0,25.0,18.0,26.0,16.0,24.0,21.0,17.0,24.0,13.0,6.0,3.0,6.0,7.0,3.0,5.0,3.0,8.0,6.0,10.0,7.0,5.0,12.0,8.0,9.0,8.0,14.0,6.0,4.0,5.0,7.0,5.0,7.0,5.0,2.0,5.0,9.0,11.0,6.0,6.0,3.0,8.0,3.0,8.0,7.0,6.0,6.0,3.0,7.0,4.0,4.0,10.0,6.0,2.0,4.0,3.0,9.0,6.0,3.0,7.0,5.0,7.0,7.0,2.0,7.0,3.0,7.0,5.0,8.0,3.0,7.0,4.0,3.0,3.0,2.0,9.0,10.0,7.0,7.0,4.0,4.0,5.0,3.0,7.0,4.0,4.0,4.0,8.0,5.0,3.0
Cell_036,17.0,23.0,16.0,20.0,20.0,14.0,17.0,21.0,21.0,21.0,22.0,13.0,22.0,13.0,18.0,23.0,19.0,31.0,19.0,20.0,9.0,4.0,7.0,5.0,6.0,5.0,10.0,6.0,6.0,5.0,7.0,11.0,3.0,7.0,7.0,6.0,2.0,4.0,7.0,6.0,7.0,4.0,7.0,4.0,5.0,6.0,9.0,3.0,9.0,6.0,2.0,9.0,4.0,5.0,5.0,4.0,3.0,5.0,4.0,3.0,5.0,6.0,9.0,3.0,5.0,7.0,5.0,2.0,5.0,7.0,8.0,2.0,3.0,6.0,3.0,6.0,10.0,2.0,6.0,5.0,3.0,4.0,5.0,5.0,9.0,6.0,4.0,3.0,4.0,2.0,5.0,4.0,2.0,5.0,11.0,4.0,6.0,2.0,4.0,9.0
Cell_037,18.0,17.0,21.0,13.0,25.0,23.0,26.0,23.0,22.0,21.0,26.0,14.0,28.0,27.0,21.0,21.0,28.0,18.0,18.0,19.0,3.0,6.0,10.0,5.0,4.0,12.0,6.0,10.0,3.0,5.0,5.0,8.0,4.0,8.0,13.0,10.0,3.0,8.0,11.0,4.0,4.0,8.0,6.0,5.0,2.0,6.0,5.0,8.0,3.0,5.0,4.0,7.0,9.0,6.0,13.0,3.0,7.0,5.0,6.0,11.0,7.0,4.0,8.0,6.0,4.0,4.0,7.0,8.0,3.0,8.0,6.0,8.0,3.0,3.0,7.0,6.0,6.0,4.0,3.0,7.0,7.0,7.0,5.0,4.0,4.0,7.0,5.0,4.0,3.0,3.0,3.0,6.0,5.0,5.0,4.0,8.0,7.0,4.0,3.0,4.0
Cell_038,16.0,29.0,24.0,18.0,20.0,20.0,24.0,28.0,19.0,24.0,21.0,13.0,20.0,28.0,18.0,21.0,17.0,16.0,15.0,19.0,5.0,8.0,6.0,8.0,5.0,6.0,4.0,8.0,10.0,10.0,11.0,12.0,7.0,17.0,4.0,7.0,11.0,6.0,8.0,8.0,9.0,6.0,9.0,1.0,6.0,6.0,7.0,4.0,13.0,3.0,5.0,4.0,4.0,8.0,3.0,2.0,4.0,5.0,5.0,6.0,7.0,6.0,4.0,10.0,7.0,5.0,2.0,5.0,4.0,3.0,2.0,2.0,6.0,12.0,7.0,1.0,8.0,4.0,3.0,10.0,2.0,7.0,3.0,5.0,5.0,9.0,2.0,7.0,5.0,6.0,4.0,5.0,6.0,10.0,7.0,2.0,7.0,5.0,9.0,4.0
Cell_039,22.0,12.0,20.0,21.0,13.0,22.0,18.0,19.0,17.0,12.0,22.0,15.0,19.0,19.0,30.0,21.0,19.0,20.0,17.0,20.0,7.0,6.0,4.0,3.0,9.0,15.0,9.0,4.0,9.0,11.0,7.0,9.0,4.0,6.0,4.0,12.0,13.0,8.0,11.0,11.0,2.0,3.0,4.0,5.0,8.0,4.0,4.0,4.0,3.0,2.0,5.0,9.0,6.0,3.0,4.0,3.0,4.0,3.0,5.0,6.0,8.0,2.0,6.0,4.0,5.0,5.0,7.0,7.0,6.0,5.0,2.0,0.0,4.0,4.0,2.0,5.0,8.0,5.0,7.0,7.0,6.0,6.0,5.0,5.0,4.0,10.0,2.0,8.0,2.0,4.0,7.0,3.0,6.0,10.0,5.0,4.0,4.0,7.0,4.0,1.0
Cell_040,23.0,15.0,25.0,19.0,20.0,19.0,20.0,19.0,17.0,18.0,25.0,11.0,18.0,13.0,16.0,17.0,21.0,21.0,22.0,19.0,5.0,8.0,8.0,7.0,3.0,3.0,11.0,6.0,8.0,6.0,5.0,10.0,6.0,7.0,9.0,3.0,4.0,7.0,6.0,10.0,6.0,5.0,7.0,5.0,5.0,9.0,7.0,3.0,7.0,6.0,7.0,3.0,4.0,7.0,8.0,5.0,5.0,5.0,4.0,5.0,5.0,3.0,3.0,3.0,3.0,6.0,6.0,6.0,5.0,3.0,6.0,6.0,5.0,4.0,5.0,6.0,4.0,4.0,4.0,6.0,4.0,3.0,4.0,6.0,4.0,3.0,6.0,6.0,3.0,3.0,2.0,3.0,5.0,7.0,3.0,3.0,6.0,7.0,3.0,6.0
Cell_041,22.0,14.0,24.0,23.0,15.0,19.0,23.0,19.0,23.0,22.0,23.0,21.0,22.0,25.0,19.0,27.0,21.0,22.0,18.0,26.0,8.0,4.0,7.0,7.0,7.0,9.0,5.0,11.0,4.0,9.0,3.0,8.0,10.0,5.0,7.0,8.0,2.0,5.0,6.0,13.0,3.0,4.0,7.0,6.0,9.0,6.0,3.0,3.0,1.0,4.0,4.0,2.0,2.0,8.0,8.0,6.0,7.0,1.0,6.0,5.0,7.0,11.0,1.0,5.0,5.0,5.0,3.0,4.0,6.0,7.0,7.0,2.0,5.0,8.0,6.0,8.0,4.0,4.0,3.0,2.0,4.0,5.0,5.0,3.0,4.0,3.0,9.0,2.0,7.0,5.0,6.0,5.0,11.0,3.0,3.0,5.0,5.0,3.0,6.0,5.0
Cell_042,18.0,19.0,16.0,27.0,15.0,23.0,15.0,16.0,24.0,20.0,20.0,15.0,20.0,20.0,20.0,16.0,18.0,19.0,15.0,18.0,6.0,4.0,7.0,12.0,4.0,5.0,8.0,5.0,11.0,6.0,8.0,8.0,8.0,3.0,6.0,9.0,6.0,4.0,3.0,7.0,7.0,5.0,6.0,4.0,2.0,4.0,6.0,6.0,7.0,6.0,2.0,6.0,5.0,3.0,6.0,6.0,11.0,5.0,7.0,5.0,4.0,1.0,7.0,5.0,4.0,6.0,1.0,3.0,5.0,8.0,5.0,2.0,11.0,8.0,3.0,7.0,5.0,3.0,10.0,6.0,7.0,2.0,4.0,8.0,6.0,4.0,7.0,5.0,5.0,4.0,7.0,7.0,5.0,2.0,5.0,1.0,3.0,11.0,4.0,6.0
Cell_043,18.0,28.0,26.0,21.0,21.0,20.0,16.0,19.0,19.0,13.0,24.0,19.0,17.0,21.0,13.0,21.0,20.0,19.0,17.0,15.0,2.0,9.0,6.0,12.0,6.0,4.0,7.0,14.0,9.0,6.0,7.0,6.0,7.0,6.0,6.0,8.0,2.0,6.0,8.0,8.0,3.0,9.0,2.0,3.0,6.0,5.0,7.0,2.0,8.0,7.0,2.0,6.0,3.0,4.0,5.0,4.0,6.0,5.0,6.0,3.0,4.0,3.0,4.0,4.0,5.0,4.0,6.0,5.0,7.0,5.0,5.0,6.0,3.0,7.0,6.0,7.0,7.0,5.0,5.0,5.0,7.0,3.0,6.0,6.0,3.0,8.0,7.0,3.0,4.0,2.0,4.0,3.0,5.0,6.0,6.0,4.0,4.0,5.0,8.0,5.0
Cell_044,23.0,15.0,24.0,26.0,20.0,24.0,9.0,16.0,18.0,22.0,19.0,17.0,19.0,18.0,21.0,22.0,29.0,12.0,16.0,27.0,9.0,5.0,3.0,3.0,12.0,7.0,6.0,10.0,3.0,8.0,5.0,6.0,9.0,4.0,5.0,5.0,3.0,7.0,9.0,3.0,5.0,5.0,7.0,8.0,7.0,4.0,7.0,6.0,7.0,5.0,5.0,5.0,7.0,5.0,2.0,4.0,7.0,7.0,6.0,3.0,1.0,4.0,9.0,5.0,4.0,4.0,7.0,4.0,6.0,2.0,7.0,3.0,3.0,6.0,4.0,7.0,6.0,8.0,3.0,5.0,6.0,3.0,4.0,8.0,4.0,4.0,4.0,4.0,8.0,7.0,7.0,5.0,7.0,4.0,7.0,2.0,2.0,5.0,5.0,8.0
Cell_045,20.0,21.0,23.0,19.0,20.0,15.0,17.0,25.0,26.0,20.0,23.0,18.0,15.0,19.0,24.0,24.0,23.0,24.0,22.0,17.0,8.0,6.0,11.0,5.0,3.0,5.0,5.0,10.0,4.0,9.0,14.0,5.0,9.0,6.0,11.0,5.0,9.0,4.0,3.0,6.0,4.0,8.0,4.0,3.0,5.0,2.0,6.0,6.0,3.0,4.0,5.0,7.0,6.0,3.0,6.0,3.0,6.0,2.0,3.0,4.0,11.0,5.0,4.0,3.0,2.0,7.0,4.0,1.0,0.0,6.0,5.0,5.0,9.0,1.0,2.0,5.0,4.0,5.0,8.0,7.0,5.0,6.0,4.0,4.0,5.0,5.0,3.0,6.0,8.0,3.0,6.0,3.0,8.0,3.0,11.0,8.0,10.0,7.0,9.0,7.0
Cell_046,23.0,28.0,23.0,31.0,30.0,19.0,16.0,20.0,24.0,18.0,17.0,16.0,14.0,29.0,15.0,14.0,16.0,26.0,17.0,12.0,5.0,7.0,5.0,5.0,7.0,4.0,9.0,7.0,10.0,2.0,8.0,6.0,10.0,6.0,7.0,6.0,3.0,7.0,5.0,7.0,2.0,5.0,3.0,8.0,3.0,7.0,2.0,4.0,3.0,6.0,5.0,2.0,12.0,1.0,4.0,6.0,4.0,7.0,5.0,4.0,7.0,7.0,2.0,5.0,3.0,4.0,5.0,7.0,6.0,3.0,6.0,3.0,4.0,5.0,4.0,5.0,4.0,9.0,6.0,1.0,5.0,7.0,2.0,4.0,4.0,2.0,4.0,6.0,3.0,4.0,2.0,6.0,3.0,4.0,4.0,4.0,4.0,6.0,4.0,7.0
Cell_047,23.0,16.0,15.0,20.0,16.0,12.0,17.0,17.0,20.0,19.0,23.0,11.0,19.0,12.0,14.0,18.0,23.0,23.0,23.0,20.0,2.0,8.0,10.0,2.0,5.0,8.0,7.0,12.0,6.0,3.0,9.0,8.0,7.0,8.0,5.0,11.0,2.0,12.0,8.0,5.0,6.0,4.0,4.0,5.0,5.0,1.0,7.0,9.0,6.0,6.0,3.0,6.0,8.0,8.0,8.0,6.0,4.0,3.0,5.0,5.0,3.0,4.0,6.0,4.0,6.0,3.0,3.0,4.0,5.0,3.0,9.0,3.0,4.0,5.0,1.0,2.0,5.0,6.0,3.0,5.0,5.0,6.0,1.0,6.0,5.0,7.0,2.0,2.0,3.0,2.0,4.0,3.0,5.0,5.0,5.0,7.0,4.0,4.0,3.0,6.0
Cell_048,15.0,19.0,13.0,26.0,17.0,21.0,13.0,19.0,23.0,22.0,22.0,21.0,22.0,23.0,18.0,26.0,19.0,18.0,26.0,18.0,3.0,6.0,4.0,5.0,4.0,5.0,13.0,7.0,5.0,12.0,6.0,5.0,5.0,3.0,9.0,9.0,3.0,5.0,8.0,7.0,3.0,3.0,3.0,4.0,6.0,3.0,4.0,6.0,5.0,7.0,5.0,1.0,8.0,6.0,4.0,10.0,3.0,5.0,6.0,5.0,7.0,6.0,3.0,8.0,6.0,7.0,6.0,4.0,6.0,6.0,4.0,3.0,6.0,2.0,7.0,6.0,2.0,6.0,3.0,5.0,6.0,3.0,6.0,7.0,4.0,3.0,9.0,7.0,6.0,11.0,1.0,7.0,7.0,4.0,4.0,2.0,6.0,5.0,6.0,9.0
Cell_049,18.0,19.0,21.0,23.0,14.0,21.0,17.0,31.0,28.0,15.0,17.0,21.0,16.0,21.0,20.0,20.0,20.0,21.0,13.0,20.0,5.0,5.0,8.0,6.0,8.0,8.0,7.0,6.0,7.0,5.0,6.0,12.0,9.0,6.0,8.0,7.0,11.0,4.0,5.0,8.0,5.0,8.0,9.0,7.0,4.0,6.0,7.0,2.0,3.0,2.0,4.0,5.0,6.0,4.0,0.0,6.0,4.0,3.0,5.0,6.0,4.0,5.0,4.0,4.0,4.0,1.0,6.0,5.0,4.0,6.0,5.0,1.0,3.0,6.0,5.0,2.0,6.0,6.0,4.0,5.0,2.0,9.0,4.0,2.0,1.0,5.0,2.0,8.0,6.0,4.0,3.0,8.0,0.0,4.0,2.0,7.0,2.0,4.0,5.0,7.0
Cell_050,19.0,18.0,18.0,18.0,16.0,16.0,24.0,17.0,13.0,14.0,11.0,23.0,22.0,16.0,13.0,21.0,17.0,24.0,17.0,22.0,7.0,7.0,7.0,5.0,4.0,7.0,7.0,6.0,10.0,8.0,6.0,5.0,3.0,8.0,11.0,7.0,6.0,11.0,12.0,14.0,6.0,4.0,5.0,4.0,3.0,10.0,3.0,7.0,9.0,2.0,7.0,3.0,8.0,8.0,4.0,6.0,4.0,4.0,5.0,5.0,7.0,3.0,3.0,2.0,3.0,3.0,4.0,3.0,6.0,6.0,7.0,8.0,4.0,4.0,5.0,6.0,7.0,10.0,3.0,3.0,4.0,2.0,1.0,4.0,6.0,4.0,6.0,5.0,3.0,5.0,10.0,2.0,8.0,4.0,6.0,2.0,4.0,7.0,6.0,3.0
Cell_051,9.0,4.0,8.0,5.0,14.0,7.0,5.0,4.0,7.0,5.0,4.0,11.0,6.0,13.0,4.0,9.0,2.0,10.0,7.0,10.0,18.0,21.0,32.0,24.0,18.0,23.0,21.0,27.0,13.0,23.0,23.0,18.0,15.0,18.0,15.0,30.0,19.0,22.0,22.0,20.0,6.0,3.0,6.0,6.0,5.0,8.0,7.0,5.0,2.0,2.0,9.0,4.0,5.0,11.0,3.0,3.0,4.0,3.0,6.0,7.0,2.0,4.0,3.0,5.0,7.0,5.0,4.0,5.0,7.0,6.0,3.0,6.0,5.0,4.0,2.0,5.0,5.0,5.0,3.0,6.0,5.0,5.0,6.0,5.0,6.0,2.0,12.0,7.0,4.0,5.0,7.0,1.0,5.0,6.0,5.0,2.0,5.0,2.0,4.0,5.0
Cell_052,8.0,6.0,9.0,7.0,5.0,6.0,5.0,8.0,7.0,10.0,7.0,3.0,11.0,12.0,6.0,3.0,12.0,4.0,7.0,6.0,22.0,16.0,21.0,19.0,29.0,18.0,24.0,25.0,26.0,25.0,16.0,20.0,13.0,22.0,16.0,16.0,15.0,18.0,22.0,27.0,9.0,3.0,9.0,6.0,11.0,5.0,2.0,7.0,2.0,2.0,5.0,7.0,4.0,6.0,6.0,2.0,10.0,4.0,4.0,4.0,3.0,3.0,7.0,7.0,7.0,3.0,5.0,7.0,7.0,4.0,8.0,8.0,5.0,10.0,6.0,9.0,8.0,6.0,4.0,2.0,3.0,1.0,8.0,7.0,5.0,2.0,7.0,12.0,5.0,3.0,4.0,5.0,6.0,3.0,3.0,1.0,5.0,2.0,4.0,2.0
Cell_053,11.0,5.0,10.0,11.0,10.0,3.0,10.0,7.0,10.0,3.0,5.0,8.0,6.0,2.0,4.0,14.0,6.0,10.0,5.0,7.0,24.0,18.0,21.0,16.0,18.0,15.0,24.0,17.0,18.0,17.0,13.0,17.0,18.0,22.0,34.0,26.0,19.0,22.0,13.0,17.0,5.0,7.0,2.0,6.0,6.0,3.0,5.0,7.0,4.0,3.0,2.0,4.0,8.0,9.0,11.0,4.0,8.0,2.0,2.0,8.0,3.0,6.0,6.0,6.0,4.0,2.0,4.0,7.0,5.0,5.0,5.0,4.0,4.0,2.0,4.0,3.0,5.0,3.0,6.0,8.0,5.0,6.0,2.0,7.0,4.0,7.0,3.0,7.0,5.0,4.0,7.0,5.0,6.0,7.0,6.0,8.0,4.0,7.0,5.0,5.0
Cell_054,6.0,7.0,5.0,6.0,11.0,5.0,9.0,6.0,3.0,2.0,6.0,6.0,11.0,6.0,10.0,8.0,9.0,5.0,13.0,10.0,16.0,15.0,32.0,16.0,18.0,16.0,29.0,23.0,20.0,22.0,12.0,18.0,16.0,16.0,21.0,19.0,19.0,28.0,20.0,13.0,4.0,6.0,4.0,4.0,3.0,3.0,3.0,7.0,8.0,6.0,6.0,2.0,9.0,7.0,5.0,6.0,4.0,6.0,5.0,5.0,4.0,2.0,5.0,6.0,4.0,6.0,3.0,8.0,3.0,5.0,1.0,9.0,3.0,2.0,10.0,4.0,6.0,11.0,6.0,3.0,4.0,7.0,4.0,7.0,5.0,7.0,7.0,1.0,4.0,10.0,6.0,10.0,6.0,4.0,6.0,2.0,5.0,5.0,3.0,6.0
Cell_055,5.0,4.0,5.0,7.0,5.0,3.0,7.0,7.0,9.0,9.0,8.0,7.0,5.0,5.0,4.0,7.0,6.0,7.0,3.0,6.0,9.0,24.0,27.0,17.0,15.0,15.0,17.0,24.0,14.0,21.0,15.0,16.0,26.0,17.0,23.0,18.0,16.0,28.0,20.0,18.0,7.0,7.0,6.0,4.0,5.0,5.0,5.0,6.0,6.0,8.0,4.0,9.0,11.0,5.0,5.0,5.0,2.0,4.0,6.0,3.0,6.0,6.0,2.0,2.0,7.0,7.0,5.0,4.0,3.0,5.0,2.0,5.0,6.0,7.0,6.0,4.0,3.0,4.0,4.0,12.0,6.0,4.0,4.0,13.0,6.0,4.0,5.0,3.0,4.0,6.0,5.0,6.0,5.0,7.0,5.0,7.0,5.0,4.0,7.0,4.0
Cell_056,5.0,8.0,4.0,8.0,3.0,7.0,8.0,5.0,6.0,5.0,11.0,2.0,10.0,3.0,5.0,5.0,8.0,8.0,6.0,6.0,25.0,20.0,21.0,22.0,19.0,11.0,24.0,23.0,26.0,19.0,21.0,19.0,18.0,13.0,15.0,13.0,21.0,17.0,19.0,13.0,9.0,5.0,5.0,9.0,5.0,3.0,5.0,3.0,5.0,5.0,3.0,7.0,3.0,6.0,8.0,3.0,4.0,6.0,5.0,7.0,10.0,6.0,8.0,3.0,5.0,2.0,6.0,6.0,1.0,5.0,2.0,4.0,3.0,7.0,4.0,6.0,9.0,4.0,4.0,4.0,4.0,5.0,9.0,3.0,6.0,4.0,6.0,3.0,8.0,5.0,7.0,4.0,4.0,2.0,7.0,5.0,6.0,8.0,7.0,4.0
Cell_057,6.0,4.0,11.0,12.0,6.0,10.0,6.0,7.0,3.0,6.0,8.0,2.0,10.0,5.0,7.0,5.0,8.0,6.0,4.0,7.0,20.0,15.0,22.0,20.0,19.0,22.0,18.0,22.0,20.0,14.0,23.0,17.0,25.0,12.0,24.0,16.0,17.0,18.0,19.0,20.0,6.0,5.0,7.0,8.0,4.0,7.0,4.0,6.0,4.0,6.0,3.0,2.0,4.0,7.0,6.0,10.0,5.0,5.0,6.0,6.0,2.0,3.0,5.0,4.0,10.0,4.0,6.0,5.0,9.0,5.0,10.0,8.0,6.0,6.0,4.0,5.0,2.0,3.0,7.0,4.0,6.0,4.0,4.0,4.0,7.0,5.0,5.0,7.0,2.0,6.0,6.0,5.0,5.0,4.0,4.0,6.0,5.0,2.0,2.0,3.0
Cell_058,6.0,6.0,7.0,10.0,4.0,8.0,5.0,7.0,5.0,11.0,6.0,5.0,8.0,7.0,9.0,5.0,5.0,5.0,3.0,3.0,25.0,24.0,15.0,15.0,12.0,15.0,22.0,18.0,20.0,24.0,26.0,23.0,13.0,19.0,15.0,29.0,12.0,19.0,18.0,18.0,9.0,8.0,1.0,7.0,4.0,3.0,5.0,5.0,4.0,6.0,9.0,8.0,3.0,3.0,5.0,8.0,6.0,6.0,7.0,4.0,7.0,10.0,3.0,7.0,3.0,5.0,1.0,6.0,2.0,3.0,2.0,5.0,3.0,5.0,2.0,4.0,6.0,6.0,5.0,1.0,5.0,7.0,7.0,4.0,2.0,4.0,4.0,6.0,4.0,3.0,2.0,4.0,8.0,7.0,5.0,10.0,8.0,6.0,4.0,8.0
Cell_059,5.0,8.0,3.0,11.0,9.0,10.0,5.0,14.0,9.0,10.0,14.0,8.0,9.0,6.0,17.0,8.0,12.0,7.0,6.0,7.0,21.0,15.0,22.0,24.0,28.0,14.0,22.0,16.0,14.0,23.0,20.0,22.0,16.0,20.0,26.0,20.0,19.0,17.0,21.0,16.0,7.0,6.0,3.0,1.0,4.0,8.0,11.0,3.0,3.0,7.0,7.0,3.0,7.0,2.0,6.0,6.0,11.0,2.0,3.0,6.0,5.0,2.0,4.0,5.0,7.0,1.0,3.0,6.0,1.0,4.0,6.0,7.0,2.0,5.0,1.0,5.0,5.0,4.0,3.0,2.0,4.0,3.0,6.0,6.0,3.0,8.0,6.0,6.0,6.0,4.0,5.0,4.0,9.0,2.0,6.0,10.0,6.0,4.0,7.0,5.0
Cell_060,8.0,6.0,5.0,8.0,7.0,9.0,3.0,12.0,7.0,4.0,4.0,5.0,11.0,10.0,4.0,11.0,5.0,6.0,12.0,5.0,15.0,17.0,19.0,26.0,16.0,19.0,20.0,21.0,23.0,19.0,23.0,24.0,21.0,15.0,14.0,18.0,21.0,20.0,22.0,17.0,5.0,4.0,6.0,4.0,3.0,6.0,5.0,5.0,8.0,4.0,5.0,4.0,3.0,4.0,4.0,4.0,7.0,3.0,4.0,9.0,4.0,2.0,5.0,5.0,3.0,11.0,3.0,5.0,7.0,7.0,5.0,5.0,5.0,1.0,2.0,7.0,3.0,2.0,4.0,4.0,7.0,5.0,3.0,5.0,5.0,3.0,6.0,3.0,5.0,11.0,2.0,4.0,8.0,7.0,3.0,8.0,6.0,4.0,3.0,9.0
Cell_061,9.0,4.0,8.0,6.0,1.0,7.0,7.0,2.0,8.0,6.0,8.0,10.0,6.0,6.0,6.0,6.0,9.0,9.0,5.0,7.0,31.0,19.0,24.0,24.0,23.0,23.0,17.0,19.0,25.0,27.0,19.0,22.0,15.0,20.0,19.0,15.0,15.0,21.0,12.0,18.0,6.0,5.0,8.0,3.0,5.0,2.0,4.0,6.0,4.0,6.0,1.0,8.0,4.0,4.0,7.0,4.0,4.0,5.0,4.0,6.0,6.0,5.0,2.0,6.0,6.0,5.0,2.0,5.0,8.0,5.0,4.0,6.0,5.0,4.0,4.0,5.0,4.0,2.0,4.0,5.0,3.0,1.0,7.0,5.0,4.0,2.0,8.0,5.0,5.0,5.0,7.0,5.0,3.0,8.0,5.0,4.0,11.0,2.0,2.0,7.0
Cell_062,2.0,6.0,6.0,6.0,10.0,4.0,6.0,3.0,4.0,5.0,5.0,6.0,9.0,5.0,13.0,8.0,8.0,6.0,6.0,7.0,19.0,18.0,30.0,21.0,17.0,13.0,24.0,15.0,16.0,22.0,16.0,14.0,14.0,17.0,18.0,15.0,20.0,22.0,23.0,15.0,5.0,5.0,7.0,2.0,6.0,7.0,8.0,2.0,9.0,1.0,9.0,3.0,3.0,5.0,6.0,8.0,6.0,5.0,6.0,4.0,3.0,5.0,6.0,6.0,7.0,4.0,5.0,8.0,2.0,10.0,6.0,5.0,5.0,5.0,1.0,3.0,8.0,3.0,5.0,4.0,2.0,10.0,3.0,7.0,10.0,3.0,2.0,3.0,5.0,9.0,3.0,5.0,4.0,5.0,7.0,7.0,4.0,8.0,7.0,6.0
Cell_063,11.0,8.0,5.0,4.0,6.0,12.0,2.0,8.0,7.0,14.0,8.0,10.0,9.0,4.0,16.0,8.0,5.0,3.0,13.0,5.0,23.0,25.0,19.0,17.0,21.0,20.0,27.0,21.0,18.0,26.0,22.0,21.0,23.0,13.0,23.0,24.0,20.0,18.0,19.0,21.0,4.0,5.0,3.0,3.0,4.0,5.0,3.0,7.0,3.0,8.0,8.0,6.0,7.0,7.0,6.0,5.0,8.0,4.0,5.0,4.0,6.0,4.0,1.0,6.0,7.0,7.0,8.0,6.0,8.0,10.0,1.0,4.0,5.0,6.0,5.0,8.0,4.0,3.0,4.0,6.0,2.0,5.0,6.0,2.0,9.0,3.0,4.0,7.0,3.0,2.0,4.0,3.0,4.0,5.0,4.0,7.0,6.0,3.0,10.0,2.0
Cell_064,7.0,3.0,5.0,3.0,6.0,7.0,5.0,5.0,7.0,5.0,5.0,10.0,5.0,9.0,5.0,5.0,2.0,10.0,10.0,9.0,24.0,25.0,22.0,24.0,11.0,24.0,20.0,17.0,19.0,22.0,17.0,16.0,16.0,22.0,17.0,23.0,14.0,27.0,17.0,24.0,4.0,5.0,5.0,4.0,8.0,7.0,7.0,2.0,6.0,7.0,3.0,5.0,3.0,5.0,5.0,6.0,2.0,9.0,9.0,4.0,4.0,2.0,3.0,10.0,9.0,8.0,6.0,3.0,6.0,8.0,5.0,5.0,2.0,3.0,8.0,11.0,4.0,5.0,4.0,3.0,3.0,5.0,4.0,5.0,5.0,2.0,1.0,1.0,1.0,4.0,7.0,2.0,2.0,7.0,1.0,6.0,7.0,3.0,5.0,7.0
Cell_065,7.0,12.0,7.0,11.0,13.0,9.0,7.0,7.0,6.0,9.0,4.0,4.0,8.0,5.0,5.0,6.0,5.0,5.0,6.0,8.0,18.0,19.0,20.0,21.0,26.0,19.0,17.0,20.0,20.0,20.0,20.0,23.0,23.0,30.0,27.0,20.0,20.0,31.0,22.0,16.0,5.0,7.0,6.0,7.0,3.0,7.0,5.0,8.0,8.0,7.0,6.0,6.0,6.0,12.0,5.0,7.0,4.0,6.0,6.0,6.0,2.0,4.0,4.0,2.0,6.0,6.0,2.0,5.0,4.0,4.0,5.0,8.0,5.0,5.0,6.0,4.0,8.0,4.0,3.0,9.0,6.0,1.0,6.0,6.0,2.0,6.0,6.0,3.0,5.0,3.0,9.0,6.0,5.0,9.0,6.0,5.0,5.0,4.0,3.0,5.0
Cell_066,5.0,7.0,9.0,9.0,9.0,5.0,11.0,6.0,11.0,5.0,10.0,4.0,8.0,9.0,4.0,10.0,10.0,1.0,5.0,11.0,22.0,21.0,12.0,16.0,12.0,22.0,22.0,25.0,21.0,21.0,15.0,21.0,21.0,17.0,26.0,17.0,23.0,23.0,22.0,21.0,5.0,6.0,8.0,7.0,5.0,9.0,6.0,9.0,6.0,9.0,5.0,8.0,4.0,5.0,0.0,2.0,2.0,2.0,2.0,2.0,2.0,11.0,6.0,3.0,3.0,5.0,5.0,2.0,5.0,7.0,6.0,3.0,6.0,1.0,11.0,4.0,5.0,4.0,1.0,5.0,6.0,7.0,6.0,8.0,4.0,11.0,7.0,8.0,6.0,7.0,2.0,6.0,3.0,6.0,6.0,3.0,9.0,3.0,6.0,5.0
Cell_067,4.0,10.0,7.0,6.0,12.0,3.0,10.0,9.0,4.0,5.0,10.0,8.0,1.0,5.0,7.0,4.0,4.0,8.0,7.0,1.0,29.0,17.0,23.0,21.0,13.0,17.0,19.0,21.0,18.0,28.0,23.0,17.0,18.0,19.0,11.0,25.0,18.0,18.0,20.0,18.0,6.0,4.0,4.0,3.0,3.0,5.0,4.0,7.0,7.0,5.0,5.0,4.0,3.0,4.0,2.0,2.0,6.0,7.0,2.0,4.0,7.0,2.0,6.0,5.0,9.0,5.0,3.0,5.0,2.0,15.0,8.0,6.0,4.0,10.0,3.0,3.0,6.0,5.0,6.0,5.0,6.0,6.0,8.0,2.0,5.0,4.0,2.0,6.0,7.0,6.0,9.0,4.0,5.0,3.0,0.0,8.0,5.0,7.0,7.0,5.0
Cell_068,4.0,9.0,7.0,12.0,3.0,3.0,13.0,8.0,2.0,9.0,11.0,13.0,4.0,9.0,9.0,8.0,11.0,10.0,3.0,8.0,33.0,23.0,15.0,15.0,16.0,21.0,18.0,11.0,21.0,18.0,36.0,18.0,26.0,14.0,13.0,23.0,19.0,31.0,17.0,26.0,3.0,1.0,4.0,6.0,5.0,4.0,6.0,4.0,2.0,7.0,3.0,3.0,4.0,4.0,5.0,1.0,1.0,5.0,2.0,2.0,7.0,2.0,5.0,5.0,6.0,6.0,3.0,6.0,9.0,3.0,4.0,3.0,4.0,9.0,3.0,3.0,4.0,6.0,3.0,5.0,2.0,5.0,4.0,11.0,5.0,7.0,5.0,2.0,6.0,5.0,2.0,5.0,4.0,4.0,5.0,4.0,6.0,4.0,6.0,5.0
Cell_069,8.0,5.0,8.0,5.0,7.0,3.0,8.0,11.0,4.0,7.0,5.0,7.0,8.0,10.0,7.0,12.0,6.0,7.0,4.0,11.0,14.0,19.0,19.0,13.0,19.0,23.0,29.0,17.0,14.0,25.0,20.0,18.0,14.0,19.0,18.0,17.0,17.0,21.0,26.0,19.0,4.0,5.0,6.0,4.0,6.0,6.0,7.0,7.0,3.0,5.0,3.0,5.0,5.0,4.0,4.0,4.0,5.0,7.0,2.0,4.0,7.0,2.0,5.0,10.0,9.0,6.0,3.0,10.0,1.0,11.0,2.0,6.0,5.0,9.0,9.0,7.0,9.0,7.0,4.0,2.0,3.0,5.0,4.0,2.0,2.0,3.0,1.0,4.0,4.0,7.0,6.0,1.0,4.0,5.0,5.0,4.0,4.0,9.0,9.0,4.0
Cell_070,9.0,6.0,6.0,7.0,5.0,4.0,6.0,2.0,5.0,10.0,3.0,6.0,5.0,8.0,7.0,5.0,12.0,8.0,3.0,8.0,10.0,28.0,17.0,24.0,22.0,21.0,18.0,25.0,11.0,14.0,22.0,11.0,26.0,18.0,12.0,19.0,21.0,22.0,15.0,18.0,7.0,4.0,5.0,3.0,3.0,3.0,5.0,5.0,1.0,1.0,2.0,5.0,5.0,0.0,3.0,5.0,4.0,4.0,1.0,2.0,6.0,7.0,6.0,6.0,6.0,10.0,11.0,4.0,3.0,5.0,4.0,2.0,4.0,3.0,7.0,6.0,7.0,4.0,5.0,2.0,3.0,4.0,4.0,4.0,9.0,8.0,7.0,4.0,4.0,7.0,3.0,8.0,7.0,4.0,4.0,3.0,5.0,3.0,7.0,5.0
Cell_071,11.0,5.0,8.0,8.0,5.0,5.0,11.0,13.0,3.0,8.0,5.0,7.0,3.0,4.0,5.0,6.0,10.0,4.0,0.0,10.0,21.0,25.0,14.0,29.0,10.0,13.0,22.0,18.0,13.0,20.0,19.0,21.0,16.0,21.0,24.0,24.0,10.0,26.0,24.0,25.0,6.0,7.0,5.0,6.0,6.0,6.0,4.0,7.0,4.0,4.0,7.0,0.0,5.0,4.0,3.0,4.0,4.0,7.0,5.0,8.0,6.0,5.0,6.0,4.0,2.0,5.0,5.0,9.0,7.0,3.0,2.0,7.0,5.0,5.0,3.0,6.0,2.0,5.0,7.0,4.0,8.0,8.0,8.0,3.0,4.0,8.0,11.0,7.0,8.0,5.0,5.0,6.0,6.0,0.0,8.0,7.0,5.0,3.0,4.0,6.0
Cell_072,6.0,5.0,10.0,5.0,5.0,6.0,7.0,9.0,9.0,6.0,6.0,4.0,9.0,5.0,4.0,10.0,6.0,9.0,11.0,7.0,22.0,25.0,19.0,21.0,26.0,11.0,24.0,17.0,30.0,27.0,16.0,24.0,18.0,12.0,20.0,13.0,21.0,27.0,15.0,26.0,1.0,4.0,7.0,3.0,9.0,6.0,7.0,4.0,4.0,3.0,6.0,2.0,7.0,5.0,1.0,8.0,7.0,1.0,2.0,3.0,7.0,4.0,2.0,6.0,2.0,7.0,3.0,4.0,6.0,4.0,6.0,5.0,5.0,5.0,7.0,6.0,4.0,5.0,6.0,3.0,6.0,10.0,5.0,8.0,6.0,5.0,5.0,7.0,7.0,4.0,6.0,4.0,8.0,4.0,2.0,5.0,6.0,4.0,5.0,7.0
Cell_073,11.0,5.0,8.0,8.0,3.0,3.0,7.0,3.0,8.0,10.0,3.0,5.0,8.0,8.0,12.0,8.0,4.0,4.0,6.0,6.0,20.0,26.0,11.0,25.0,14.0,26.0,20.0,21.0,23.0,21.0,13.0,14.0,18.0,26.0,21.0,18.0,18.0,14.0,17.0,27.0,5.0,8.0,4.0,7.0,2.0,3.0,3.0,5.0,4.0,6.0,6.0,4.0,3.0,2.0,5.0,5.0,3.0,2.0,3.0,4.0,8.0,5.0,7.0,2.0,7.0,4.0,3.0,5.0,4.0,7.0,7.0,6.0,6.0,3.0,9.0,4.0,7.0,6.0,1.0,0.0,5.0,7.0,6.0,5.0,1.0,5.0,8.0,9.0,3.0,3.0,3.0,3.0,7.0,5.0,5.0,3.0,7.0,7.0,2.0,6.0
Cell_074,8.0,4.0,10.0,5.0,6.0,8.0,7.0,5.0,4.0,9.0,9.0,3.0,6.0,9.0,7.0,4.0,12.0,13.0,6.0,5.0,15.0,26.0,26.0,9.0,21.0,22.0,22.0,15.0,22.0,21.0,16.0,18.0,24.0,14.0,23.0,19.0,14.0,21.0,16.0,18.0,4.0,8.0,7.0,4.0,6.0,9.0,7.0,1.0,7.0,9.0,4.0,5.0,2.0,5.0,2.0,0.0,4.0,5.0,5.0,5.0,5.0,6.0,8.0,6.0,2.0,5.0,1.0,3.0,10.0,3.0,6.0,3.0,3.0,6.0,5.0,5.0,3.0,4.0,4.0,7.0,3.0,2.0,4.0,4.0,4.0,2.0,6.0,7.0,7.0,4.0,4.0,4.0,5.0,7.0,6.0,3.0,8.0,4.0,4.0,1.0
Cell_075,6.0,6.0,8.0,7.0,7.0,10.0,3.0,5.0,3.0,6.0,2.0,8.0,7.0,3.0,6.0,8.0,6.0,10.0,7.0,8.0,22.0,20.0,18.0,26.0,27.0,16.0,28.0,17.0,22.0,24.0,15.0,20.0,16.0,23.0,27.0,25.0,20.0,14.0,14.0,19.0,6.0,5.0,14.0,5.0,2.0,8.0,4.0,4.0,4.0,6.0,3.0,6.0,3.0,6.0,3.0,6.0,4.0,7.0,5.0,10.0,7.0,2.0,5.0,6.0,4.0,5.0,6.0,8.0,7.0,4.0,6.0,4.0,5.0,10.0,3.0,3.0,6.0,4.0,6.0,6.0,8.0,7.0,3.0,5.0,3.0,7.0,3.0,4.0,6.0,6.0,8.0,7.0,4.0,4.0,4.0,6.0,7.0,8.0,3.0,4.0
Cell_076,3.0,6.0,6.0,8.0,2.0,8.0,5.0,8.0,5.0,8.0,11.0,7.0,9.0,7.0,4.0,11.0,7.0,6.0,9.0,10.0,18.0,16.0,18.0,21.0,22.0,20.0,22.0,23.0,14.0,17.0,16.0,20.0,31.0,22.0,19.0,20.0,18.0,23.0,13.0,19.0,7.0,5.0,4.0,6.0,6.0,1.0,7.0,4.0,4.0,6.0,2.0,5.0,2.0,5.0,5.0,1.0,7.0,3.0,4.0,2.0,5.0,4.0,6.0,2.0,2.0,7.0,2.0,7.0,2.0,7.0,7.0,6.0,7.0,7.0,4.0,4.0,2.0,3.0,4.0,5.0,3.0,4.0,2.0,6.0,4.0,3.0,7.0,5.0,9.0,7.0,3.0,4.0,8.0,7.0,5.0,3.0,6.0,2.0,11.0,4.0
Cell_077,9.0,8.0,7.0,8.0,5.0,3.0,9.0,6.0,7.0,4.0,6.0,2.0,10.0,10.0,3.0,7.0,7.0,7.0,7.0,7.0,18.0,23.0,22.0,23.0,22.0,25.0,24.0,21.0,24.0,22.0,17.0,23.0,16.0,12.0,16.0,22.0,21.0,25.0,16.0,22.0,3.0,3.0,5.0,1.0,5.0,5.0,3.0,4.0,5.0,4.0,8.0,3.0,5.0,7.0,8.0,5.0,1.0,4.0,3.0,4.0,4.0,1.0,3.0,10.0,2.0,4.0,5.0,8.0,4.0,2.0,2.0,5.0,4.0,4.0,7.0,5.0,3.0,2.0,4.0,5.0,4.0,3.0,5.0,4.0,7.0,8.0,5.0,3.0,7.0,8.0,7.0,6.0,6.0,1.0,3.0,3.0,4.0,2.0,10.0,4.0
Cell_078,4.0,10.0,6.0,6.0,7.0,12.0,9.0,8.0,4.0,9.0,4.0,7.0,8.0,4.0,9.0,5.0,9.0,8.0,8.0,9.0,31.0,21.0,20.0,15.0,25.0,19.0,16.0,16.0,21.0,12.0,29.0,15.0,8.0,24.0,23.0,26.0,23.0,28.0,26.0,22.0,4.0,5.0,7.0,4.0,2.0,5.0,6.0,6.0,4.0,2.0,5.0,5.0,5.0,2.0,6.0,4.0,1.0,5.0,8.0,8.0,5.0,7.0,8.0,1.0,4.0,5.0,1.0,7.0,3.0,3.0,3.0,9.0,4.0,3.0,1.0,5.0,4.0,5.0,8.0,2.0,2.0,2.0,1.0,8.0,11.0,2.0,3.0,2.0,7.0,9.0,4.0,4.0,5.0,2.0,7.0,4.0,6.0,5.0,5.0,2.0
Cell_079,7.0,10.0,10.0,4.0,8.0,13.0,5.0,8.0,7.0,12.0,10.0,4.0,5.0,8.0,8.0,8.0,10.0,9.0,6.0,7.0,27.0,25.0,18.0,18.0,18.0,24.0,23.0,24.0,23.0,27.0,12.0,18.0,14.0,21.0,11.0,14.0,24.0,21.0,20.0,19.0,6.0,1.0,7.0,6.0,5.0,3.0,6.0,3.0,3.0,7.0,4.0,3.0,5.0,5.0,4.0,6.0,3.0,3.0,8.0,3.0,8.0,4.0,7.0,3.0,3.0,3.0,7.0,7.0,3.0,0.0,3.0,5.0,2.0,7.0,6.0,5.0,4.0,9.0,6.0,4.0,5.0,10.0,4.0,3.0,7.0,10.0,5.0,3.0,3.0,5.0,8.0,5.0,3.0,4.0,4.0,6.0,4.0,5.0,6.0,5.0
Cell_080,10.0,8.0,8.0,7.0,4.0,7.0,6.0,8.0,4.0,5.0,6.0,7.0,7.0,6.0,3.0,3.0,7.0,2.0,8.0,11.0,22.0,23.0,18.0,21.0,17.0,27.0,20.0,31.0,22.0,18.0,20.0,14.0,29.0,18.0,14.0,17.0,34.0,17.0,23.0,23.0,3.0,4.0,5.0,3.0,4.0,3.0,3.0,7.0,5.0,6.0,9.0,7.0,6.0,8.0,3.0,7.0,5.0,10.0,5.0,8.0,11.0,4.0,4.0,5.0,4.0,5.0,5.0,12.0,4.0,1.0,7.0,5.0,3.0,3.0,3.0,6.0,7.0,6.0,8.0,7.0,4.0,4.0,5.0,3.0,4.0,2.0,4.0,4.0,6.0,12.0,4.0,1.0,2.0,7.0,3.0,6.0,4.0,2.0,6.0,7.0
Cell_081,5.0,6.0,8.0,11.0,7.0,7.0,4.0,7.0,8.0,8.0,4.0,8.0,8.0,10.0,10.0,8.0,5.0,7.0,3.0,9.0,20.0,23.0,22.0,14.0,23.0,17.0,12.0,15.0,20.0,14.0,20.0,24.0,21.0,23.0,19.0,18.0,18.0,27.0,20.0,19.0,5.0,4.0,4.0,5.0,4.0,1.0,5.0,3.0,6.0,7.0,3.0,4.0,5.0,5.0,5.0,5.0,3.0,5.0,3.0,4.0,7.0,5.0,5.0,2.0,6.0,2.0,1.0,4.0,5.0,6.0,8.0,5.0,9.0,2.0,3.0,3.0,6.0,13.0,4.0,6.0,5.0,3.0,4.0,9.0,4.0,2.0,6.0,5.0,5.0,9.0,6.0,3.0,5.0,6.0,4.0,3.0,0.0,5.0,3.0,7.0
Cell_082,4.0,6.0,8.0,4.0,5.0,7.0,9.0,13.0,6.0,9.0,12.0,7.0,2.0,8.0,8.0,6.0,10.0,9.0,11.0,9.0,19.0,20.0,27.0,23.0,15.0,26.0,28.0,8.0,17.0,16.0,13.0,21.0,14.0,18.0,20.0,10.0,22.0,22.0,18.0,24.0,6.0,4.0,9.0,6.0,4.0,4.0,5.0,3.0,6.0,4.0,5.0,4.0,4.0,2.0,5.0,2.0,5.0,7.0,6.0,4.0,0.0,3.0,5.0,9.0,3.0,7.0,4.0,6.0,5.0,6.0,2.0,5.0,8.0,6.0,9.0,7.0,3.0,2.0,8.0,3.0,7.0,6.0,2.0,4.0,5.0,5.0,4.0,5.0,5.0,10.0,3.0,3.0,2.0,3.0,0.0,6.0,4.0,9.0,6.0,6.0
Cell_083,7.0,5.0,5.0,6.0,8.0,8.0,2.0,4.0,13.0,10.0,6.0,5.0,9.0,10.0,6.0,7.0,8.0,8.0,5.0,8.0,19.0,20.0,14.0,22.0,24.0,23.0,20.0,19.0,24.0,16.0,13.0,15.0,17.0,19.0,17.0,20.0,12.0,23.0,23.0,19.0,5.0,5.0,7.0,6.0,4.0,3.0,7.0,3.0,3.0,4.0,5.0,5.0,8.0,10.0,6.0,7.0,5.0,5.0,2.0,1.0,5.0,4.0,0.0,4.0,5.0,6.0,4.0,7.0,3.0,4.0,4.0,8.0,3.0,5.0,7.0,5.0,5.0,6.0,4.0,5.0,8.0,5.0,2.0,7.0,3.0,4.0,4.0,3.0,7.0,5.0,1.0,3.0,5.0,7.0,6.0,1.0,2.0,2.0,4.0,4.0
Cell_084,15.0,5.0,5.0,11.0,6.0,7.0,6.0,2.0,12.0,7.0,8.0,6.0,11.0,9.0,6.0,4.0,7.0,9.0,7.0,4.0,21.0,10.0,14.0,16.0,15.0,20.0,22.0,21.0,18.0,13.0,16.0,10.0,20.0,21.0,25.0,19.0,18.0,22.0,20.0,21.0,6.0,6.0,6.0,5.0,5.0,7.0,5.0,7.0,5.0,7.0,7.0,4.0,7.0,3.0,5.0,11.0,4.0,4.0,6.0,4.0,5.0,7.0,4.0,3.0,7.0,2.0,1.0,2.0,3.0,2.0,8.0,2.0,7.0,2.0,5.0,4.0,3.0,0.0,2.0,4.0,6.0,5.0,5.0,3.0,5.0,5.0,8.0,4.0,4.0,4.0,7.0,8.0,10.0,6.0,3.0,5.0,4.0,2.0,4.0,2.0
Cell_085,6.0,10.0,8.0,5.0,7.0,9.0,10.0,3.0,7.0,5.0,4.0,8.0,8.0,8.0,8.0,7.0,5.0,9.0,4.0,10.0,19.0,24.0,22.0,31.0,24.0,15.0,17.0,15.0,14.0,24.0,17.0,26.0,21.0,17.0,16.0,18.0,22.0,19.0,22.0,14.0,5.0,4.0,3.0,7.0,9.0,2.0,7.0,3.0,6.0,6.0,3.0,11.0,6.0,6.0,4.0,4.0,5.0,4.0,7.0,6.0,11.0,1.0,4.0,8.0,1.0,3.0,17.0,5.0,5.0,10.0,5.0,6.0,2.0,3.0,3.0,10.0,5.0,6.0,5.0,1.0,2.0,6.0,10.0,5.0,6.0,3.0,3.0,2.0,2.0,3.0,8.0,9.0,3.0,4.0,8.0,6.0,7.0,6.0,4.0,3.0
Cell_086,7.0,9.0,6.0,7.0,7.0,6.0,10.0,2.0,11.0,10.0,11.0,8.0,8.0,3.0,4.0,13.0,5.0,5.0,6.0,5.0,28.0,18.0,18.0,19.0,15.0,18.0,16.0,17.0,21.0,18.0,31.0,17.0,22.0,24.0,21.0,23.0,12.0,19.0,18.0,25.0,5.0,6.0,5.0,4.0,4.0,6.0,1.0,3.0,8.0,3.0,4.0,4.0,7.0,12.0,2.0,6.0,8.0,2.0,2.0,6.0,1.0,5.0,5.0,4.0,3.0,4.0,6.0,7.0,3.0,6.0,4.0,5.0,8.0,8.0,10.0,8.0,7.0,4.0,2.0,5.0,10.0,6.0,7.0,3.0,10.0,6.0,3.0,7.0,3.0,7.0,6.0,2.0,7.0,4.0,0.0,4.0,6.0,9.0,2.0,8.0
Cell_087,4.0,8.0,10.0,6.0,5.0,5.0,8.0,5.0,8.0,4.0,4.0,5.0,9.0,11.0,9.0,8.0,11.0,5.0,14.0,5.0,20.0,21.0,17.0,19.0,22.0,16.0,15.0,14.0,23.0,20.0,23.0,20.0,24.0,19.0,19.0,21.0,21.0,28.0,19.0,23.0,5.0,4.0,6.0,8.0,5.0,7.0,1.0,5.0,2.0,4.0,5.0,4.0,5.0,4.0,5.0,8.0,3.0,5.0,9.0,8.0,8.0,2.0,10.0,1.0,0.0,5.0,1.0,6.0,6.0,1.0,7.0,5.0,5.0,6.0,2.0,2.0,4.0,9.0,5.0,4.0,6.0,5.0,10.0,6.0,11.0,7.0,1.0,7.0,3.0,3.0,2.0,5.0,6.0,3.0,9.0,2.0,3.0,3.0,4.0,5.0
Cell_088,4.0,6.0,6.0,7.0,7.0,5.0,9.0,12.0,7.0,5.0,11.0,11.0,6.0,3.0,4.0,6.0,4.0,7.0,6.0,10.0,26.0,15.0,18.0,16.0,21.0,13.0,23.0,27.0,18.0,20.0,22.0,25.0,29.0,20.0,18.0,23.0,32.0,16.0,31.0,18.0,5.0,5.0,4.0,4.0,5.0,6.0,7.0,3.0,5.0,4.0,6.0,3.0,2.0,8.0,3.0,8.0,4.0,3.0,3.0,7.0,1.0,6.0,7.0,6.0,6.0,1.0,5.0,0.0,5.0,5.0,5.0,9.0,8.0,3.0,3.0,8.0,8.0,8.0,3.0,0.0,5.0,5.0,3.0,9.0,11.0,2.0,5.0,8.0,4.0,1.0,6.0,9.0,6.0,4.0,6.0,5.0,5.0,4.0,7.0,4.0
Cell_089,5.0,5.0,6.0,4.0,3.0,6.0,12.0,7.0,9.0,8.0,10.0,6.0,7.0,5.0,4.0,9.0,7.0,7.0,3.0,5.0,32.0,20.0,21.0,24.0,22.0,20.0,17.0,17.0,17.0,18.0,18.0,20.0,20.0,23.0,17.0,18.0,24.0,14.0,19.0,14.0,3.0,5.0,7.0,1.0,3.0,3.0,5.0,7.0,7.0,5.0,6.0,6.0,3.0,6.0,5.0,5.0,5.0,5.0,4.0,11.0,4.0,8.0,4.0,5.0,5.0,6.0,2.0,6.0,9.0,8.0,5.0,9.0,6.0,3.0,8.0,3.0,3.0,6.0,6.0,3.0,3.0,7.0,4.0,4.0,7.0,4.0,8.0,4.0,6.0,2.0,6.0,6.0,4.0,7.0,2.0,6.0,6.0,8.0,3.0,4.0
Cell_090,8.0,11.0,3.0,1.0,6.0,6.0,6.0,12.0,10.0,8.0,5.0,9.0,1.0,12.0,1.0,9.0,7.0,8.0,7.0,9.0,13.0,21.0,20.0,17.0,25.0,21.0,18.0,18.0,21.0,21.0,21.0,27.0,19.0,18.0,20.0,20.0,20.0,20.0,22.0,20.0,1.0,4.0,8.0,2.0,2.0,5.0,3.0,4.0,6.0,7.0,7.0,2.0,7.0,2.0,3.0,4.0,1.0,3.0,9.0,0.0,2.0,6.0,3.0,5.0,6.0,2.0,6.0,7.0,8.0,5.0,5.0,8.0,8.0,8.0,5.0,5.0,5.0,5.0,5.0,7.0,6.0,2.0,2.0,2.0,4.0,4.0,5.0,11.0,5.0,6.0,3.0,4.0,7.0,7.0,4.0,6.0,5.0,4.0,1.0,6.0
Cell_091,5.0,7.0,9.0,5.0,4.0,6.0,11.0,10.0,7.0,6.0,4.0,9.0,6.0,7.0,10.0,10.0,7.0,9.0,10.0,9.0,18.0,17.0,26.0,21.0,24.0,31.0,21.0,30.0,22.0,20.0,13.0,22.0,23.0,16.0,21.0,17.0,18.0,13.0,18.0,17.0,3.0,4.0,3.0,8.0,2.0,6.0,7.0,5.0,3.0,9.0,8.0,6.0,3.0,0.0,10.0,4.0,2.0,4.0,8.0,1.0,3.0,5.0,3.0,3.0,4.0,2.0,3.0,7.0,5.0,5.0,5.0,8.0,8.0,4.0,11.0,3.0,7.0,7.0,5.0,3.0,9.0,6.0,5.0,5.0,8.0,3.0,6.0,5.0,5.0,6.0,7.0,5.0,4.0,4.0,5.0,0.0,7.0,5.0,3.0,0.0
Cell_092,13.0,8.0,2.0,10.0,5.0,7.0,6.0,5.0,5.0,8.0,9.0,8.0,7.0,5.0,6.0,5.0,7.0,8.0,7.0,10.0,18.0,22.0,18.0,16.0,15.0,18.0,21.0,23.0,18.0,26.0,29.0,20.0,18.0,19.0,17.0,21.0,20.0,20.0,17.0,23.0,3.0,4.0,6.0,3.0,6.0,4.0,5.0,6.0,1.0,5.0,6.0,7.0,3.0,5.0,2.0,2.0,7.0,0.0,3.0,9.0,7.0,4.0,6.0,5.0,5.0,6.0,5.0,9.0,6.0,9.0,3.0,8.0,4.0,5.0,5.0,10.0,2.0,12.0,4.0,5.0,8.0,3.0,7.0,6.0,5.0,3.0,9.0,2.0,5.0,8.0,11.0,4.0,5.0,5.0,4.0,2.0,5.0,8.0,5.0,9.0
Cell_093,6.0,11.0,7.0,11.0,4.0,5.0,4.0,7.0,7.0,5.0,8.0,4.0,11.0,5.0,4.0,10.0,7.0,6.0,7.0,6.0,13.0,20.0,22.0,19.0,15.0,16.0,17.0,13.0,19.0,11.0,15.0,25.0,23.0,22.0,21.0,22.0,23.0,16.0,13.0,19.0,1.0,5.0,10.0,6.0,7.0,3.0,6.0,6.0,4.0,5.0,6.0,4.0,6.0,2.0,5.0,4.0,6.0,3.0,8.0,3.0,5.0,5.0,3.0,5.0,9.0,5.0,4.0,12.0,2.0,3.0,4.0,5.0,6.0,4.0,5.0,0.0,3.0,4.0,5.0,3.0,6.0,5.0,4.0,6.0,0.0,5.0,3.0,5.0,8.0,3.0,2.0,3.0,6.0,7.0,8.0,3.0,4.0,6.0,5.0,6.0
Cell_094,7.0,2.0,6.0,8.0,5.0,5.0,10.0,10.0,7.0,7.0,5.0,5.0,3.0,3.0,7.0,7.0,6.0,7.0,3.0,3.0,18.0,13.0,24.0,20.0,21.0,26.0,31.0,20.0,24.0,19.0,22.0,13.0,12.0,24.0,18.0,17.0,17.0,15.0,31.0,18.0,6.0,6.0,11.0,5.0,9.0,9.0,10.0,7.0,7.0,4.0,4.0,3.0,4.0,5.0,7.0,5.0,3.0,4.0,7.0,7.0,6.0,2.0,7.0,6.0,4.0,4.0,5.0,6.0,4.0,7.0,7.0,3.0,6.0,4.0,7.0,3.0,2.0,4.0,8.0,6.0,4.0,6.0,3.0,4.0,5.0,4.0,4.0,12.0,5.0,4.0,3.0,10.0,4.0,6.0,6.0,1.0,5.0,5.0,8.0,5.0
Cell_095,7.0,5.0,6.0,8.0,6.0,10.0,10.0,4.0,5.0,8.0,9.0,4.0,2.0,11.0,7.0,8.0,4.0,8.0,4.0,13.0,16.0,20.0,25.0,14.0,17.0,22.0,16.0,23.0,21.0,21.0,15.0,14.0,20.0,18.0,19.0,22.0,19.0,18.0,28.0,12.0,5.0,2.0,9.0,3.0,4.0,5.0,4.0,9.0,4.0,7.0,4.0,1.0,4.0,5.0,4.0,6.0,5.0,4.0,9.0,2.0,5.0,7.0,4.0,6.0,9.0,8.0,1.0,4.0,7.0,8.0,5.0,8.0,4.0,8.0,3.0,3.0,2.0,6.0,4.0,14.0,4.0,7.0,8.0,4.0,7.0,4.0,3.0,2.0,5.0,8.0,3.0,2.0,9.0,2.0,4.0,7.0,6.0,5.0,4.0,5.0
Cell_096,6.0,12.0,3.0,7.0,4.0,6.0,12.0,10.0,3.0,7.0,7.0,11.0,9.0,8.0,5.0,3.0,4.0,4.0,7.0,6.0,20.0,23.0,19.0,23.0,20.0,32.0,16.0,29.0,27.0,14.0,17.0,18.0,25.0,22.0,14.0,20.0,16.0,24.0,14.0,21.0,5.0,3.0,3.0,1.0,4.0,5.0,8.0,4.0,7.0,3.0,6.0,4.0,7.0,2.0,6.0,6.0,4.0,7.0,8.0,4.0,9.0,3.0,6.0,4.0,1.0,6.0,6.0,4.0,8.0,4.0,7.0,7.0,4.0,7.0,2.0,9.0,5.0,9.0,10.0,4.0,9.0,5.0,3.0,3.0,6.0,3.0,7.0,3.0,6.0,2.0,5.0,5.0,4.0,8.0,7.0,4.0,4.0,3.0,4.0,3.0
Cell_097,3.0,7.0,11.0,10.0,12.0,11.0,5.0,9.0,9.0,4.0,10.0,4.0,9.0,15.0,8.0,11.0,2.0,5.0,6.0,6.0,16.0,21.0,23.0,18.0,21.0,19.0,21.0,17.0,15.0,22.0,14.0,14.0,20.0,16.0,23.0,21.0,22.0,14.0,24.0,15.0,8.0,6.0,2.0,5.0,4.0,4.0,5.0,6.0,4.0,6.0,4.0,4.0,8.0,4.0,4.0,5.0,4.0,4.0,5.0,3.0,10.0,5.0,7.0,3.0,4.0,2.0,10.0,6.0,6.0,5.0,5.0,9.0,6.0,2.0,2.0,5.0,6.0,7.0,5.0,6.0,10.0,6.0,5.0,4.0,3.0,4.0,1.0,7.0,5.0,6.0,2.0,3.0,4.0,4.0,3.0,4.0,3.0,3.0,3.0,7.0
Cell_098,11.0,9.0,6.0,5.0,8.0,10.0,6.0,4.0,8.0,2.0,10.0,12.0,2.0,9.0,11.0,10.0,6.0,6.0,6.0,8.0,25.0,17.0,14.0,27.0,20.0,21.0,21.0,21.0,23.0,26.0,27.0,18.0,22.0,25.0,16.0,22.0,15.0,10.0,13.0,14.0,3.0,3.0,4.0,1.0,0.0,2.0,4.0,6.0,4.0,6.0,2.0,3.0,5.0,4.0,4.0,7.0,4.0,6.0,2.0,9.0,3.0,6.0,6.0,4.0,6.0,6.0,7.0,8.0,2.0,5.0,4.0,5.0,7.0,3.0,8.0,7.0,3.0,2.0,9.0,6.0,2.0,6.0,7.0,5.0,8.0,4.0,7.0,2.0,5.0,2.0,4.0,11.0,4.0,6.0,7.0,5.0,4.0,7.0,6.0,8.0
Cell_099,8.0,6.0,7.0,7.0,8.0,18.0,9.0,4.0,7.0,11.0,2.0,6.0,5.0,4.0,9.0,4.0,9.0,7.0,6.0,2.0,19.0,23.0,34.0,23.0,25.0,17.0,22.0,23.0,21.0,23.0,25.0,19.0,21.0,22.0,30.0,21.0,20.0,22.0,16.0,16.0,8.0,5.0,4.0,4.0,5.0,4.0,6.0,10.0,6.0,5.0,2.0,5.0,8.0,6.0,4.0,6.0,7.0,6.0,5.0,9.0,4.0,6.0,5.0,5.0,3.0,6.0,10.0,6.0,5.0,5.0,9.0,7.0,5.0,7.0,6.0,5.0,6.0,5.0,6.0,3.0,8.0,3.0,3.0,4.0,6.0,4.0,5.0,6.0,3.0,5.0,6.0,6.0,8.0,8.0,4.0,5.0,4.0,6.0,4.0,6.0
Cell_100,7.0,6.0,4.0,5.0,6.0,9.0,10.0,4.0,8.0,11.0,5.0,6.0,3.0,6.0,4.0,9.0,4.0,5.0,2.0,14.0,22.0,18.0,20.0,16.0,20.0,19.0,16.0,23.0,19.0,22.0,20.0,16.0,23.0,22.0,32.0,24.0,18.0,24.0,16.0,22.0,6.0,4.0,7.0,5.0,6.0,2.0,4.0,7.0,6.0,2.0,2.0,5.0,3.0,9.0,1.0,3.0,8.0,0.0,6.0,3.0,9.0,5.0,9.0,3.0,4.0,2.0,3.0,3.0,2.0,6.0,2.0,2.0,6.0,2.0,8.0,5.0,2.0,5.0,6.0,5.0,7.0,4.0,6.0,5.0,5.0,6.0,6.0,6.0,3.0,5.0,5.0,5.0,3.0,7.0,2.0,3.0,5.0,5.0,7.0,6.0
Cell_101,6.0,5.0,3.0,5.0,3.0,5.0,6.0,5.0,4.0,9.0,3.0,3.0,6.0,3.0,5.0,3.0,4.0,5.0,8.0,4.0,4.0,2.0,6.0,4.0,4.0,8.0,7.0,5.0,10.0,4.0,4.0,7.0,6.0,3.0,5.0,4.0,4.0,5.0,7.0,4.0,25.0,23.0,11.0,19.0,13.0,18.0,26.0,19.0,21.0,23.0,22.0,19.0,18.0,25.0,16.0,16.0,19.0,19.0,19.0,29.0,11.0,12.0,10.0,8.0,17.0,14.0,14.0,12.0,18.0,8.0,7.0,6.0,7.0,8.0,2.0,6.0,1.0,5.0,2.0,3.0,3.0,2.0,5.0,2.0,9.0,6.0,4.0,3.0,5.0,8.0,11.0,9.0,6.0,4.0,3.0,4.0,3.0,7.0,4.0,5.0
Cell_102,2.0,5.0,5.0,3.0,6.0,4.0,7.0,7.0,4.0,4.0,4.0,4.0,6.0,5.0,2.0,4.0,7.0,5.0,6.0,6.0,2.0,5.0,5.0,2.0,9.0,3.0,6.0,4.0,8.0,5.0,0.0,7.0,5.0,4.0,5.0,7.0,4.0,8.0,6.0,8.0,24.0,19.0,20.0,23.0,25.0,18.0,19.0,7.0,20.0,29.0,23.0,17.0,12.0,19.0,19.0,20.0,23.0,12.0,26.0,13.0,10.0,16.0,14.0,11.0,9.0,15.0,15.0,13.0,9.0,14.0,5.0,5.0,6.0,9.0,3.0,4.0,3.0,7.0,1.0,3.0,3.0,4.0,3.0,7.0,4.0,13.0,8.0,3.0,7.0,5.0,0.0,5.0,7.0,12.0,7.0,0.0,10.0,6.0,3.0,3.0
Cell_103,5.0,5.0,4.0,3.0,8.0,6.0,7.0,9.0,5.0,6.0,5.0,4.0,5.0,4.0,9.0,5.0,7.0,5.0,4.0,7.0,3.0,4.0,5.0,3.0,5.0,4.0,2.0,4.0,6.0,4.0,5.0,9.0,3.0,4.0,7.0,3.0,2.0,3.0,5.0,4.0,21.0,22.0,21.0,15.0,25.0,11.0,17.0,21.0,22.0,24.0,19.0,20.0,11.0,18.0,20.0,12.0,21.0,29.0,27.0,19.0,15.0,15.0,13.0,13.0,8.0,14.0,11.0,13.0,12.0,10.0,6.0,4.0,5.0,6.0,5.0,4.0,9.0,5.0,8.0,7.0,6.0,5.0,12.0,6.0,3.0,4.0,11.0,2.0,4.0,4.0,7.0,6.0,4.0,10.0,1.0,3.0,6.0,5.0,6.0,6.0
Cell_104,2.0,8.0,8.0,0.0,6.0,2.0,5.0,4.0,5.0,3.0,3.0,5.0,8.0,5.0,1.0,2.0,3.0,4.0,7.0,4.0,4.0,6.0,7.0,6.0,6.0,8.0,3.0,7.0,5.0,4.0,4.0,1.0,4.0,6.0,9.0,5.0,2.0,4.0,5.0,7.0,19.0,23.0,21.0,16.0,20.0,21.0,23.0,16.0,10.0,19.0,23.0,16.0,18.0,17.0,16.0,16.0,19.0,19.0,20.0,18.0,17.0,15.0,14.0,17.0,17.0,16.0,11.0,26.0,12.0,10.0,7.0,4.0,3.0,8.0,2.0,4.0,7.0,6.0,6.0,4.0,3.0,4.0,5.0,2.0,5.0,9.0,6.0,2.0,5.0,1.0,6.0,6.0,4.0,8.0,6.0,6.0,5.0,4.0,4.0,4.0
Cell_105,7.0,2.0,7.0,8.0,4.0,2.0,10.0,5.0,3.0,3.0,5.0,2.0,4.0,2.0,4.0,4.0,6.0,6.0,5.0,3.0,14.0,6.0,6.0,4.0,6.0,6.0,6.0,11.0,4.0,6.0,3.0,1.0,11.0,6.0,4.0,2.0,5.0,6.0,7.0,10.0,16.0,23.0,23.0,20.0,17.0,22.0,19.0,27.0,17.0,16.0,18.0,21.0,24.0,12.0,25.0,14.0,16.0,22.0,23.0,23.0,10.0,11.0,11.0,11.0,18.0,12.0,14.0,20.0,13.0,12.0,4.0,5.0,1.0,7.0,2.0,8.0,4.0,9.0,3.0,3.0,3.0,4.0,3.0,6.0,7.0,5.0,5.0,6.0,4.0,2.0,4.0,8.0,5.0,8.0,4.0,5.0,4.0,8.0,2.0,3.0
Cell_106,3.0,5.0,4.0,5.0,9.0,6.0,3.0,4.0,5.0,5.0,9.0,8.0,7.0,5.0,3.0,3.0,9.0,7.0,7.0,5.0,5.0,6.0,5.0,3.0,4.0,4.0,5.0,6.0,1.0,5.0,7.0,4.0,8.0,4.0,7.0,1.0,4.0,5.0,5.0,6.0,20.0,21.0,18.0,17.0,21.0,23.0,12.0,21.0,19.0,16.0,20.0,14.0,21.0,23.0,27.0,19.0,16.0,6.0,25.0,20.0,10.0,12.0,12.0,12.0,15.0,16.0,12.0,15.0,8.0,14.0,3.0,4.0,7.0,3.0,5.0,4.0,4.0,6.0,7.0,11.0,5.0,8.0,8.0,4.0,2.0,5.0,5.0,3.0,9.0,2.0,9.0,5.0,2.0,12.0,7.0,3.0,4.0,0.0,2.0,7.0
Cell_107,3.0,6.0,5.0,4.0,3.0,5.0,3.0,6.0,3.0,2.0,1.0,4.0,3.0,4.0,3.0,6.0,4.0,6.0,5.0,4.0,6.0,8.0,4.0,7.0,7.0,3.0,8.0,4.0,3.0,6.0,6.0,6.0,4.0,6.0,7.0,4.0,4.0,6.0,8.0,5.0,10.0,13.0,16.0,19.0,16.0,22.0,26.0,26.0,24.0,22.0,27.0,24.0,17.0,25.0,19.0,21.0,16.0,27.0,23.0,12.0,13.0,11.0,25.0,19.0,4.0,10.0,19.0,20.0,12.0,7.0,6.0,5.0,6.0,4.0,1.0,3.0,5.0,7.0,9.0,2.0,5.0,4.0,3.0,4.0,7.0,5.0,3.0,6.0,2.0,6.0,4.0,4.0,6.0,2.0,4.0,1.0,7.0,4.0,6.0,3.0
Cell_108,11.0,4.0,7.0,11.0,2.0,3.0,2.0,3.0,7.0,4.0,5.0,5.0,5.0,5.0,7.0,6.0,3.0,7.0,6.0,5.0,2.0,6.0,6.0,3.0,11.0,5.0,6.0,7.0,5.0,5.0,5.0,5.0,4.0,7.0,3.0,4.0,3.0,2.0,4.0,3.0,24.0,14.0,19.0,21.0,33.0,27.0,20.0,19.0,14.0,22.0,25.0,20.0,15.0,23.0,28.0,18.0,20.0,23.0,25.0,14.0,9.0,21.0,16.0,15.0,13.0,14.0,15.0,17.0,13.0,10.0,9.0,10.0,5.0,6.0,3.0,8.0,3.0,3.0,2.0,2.0,4.0,2.0,7.0,9.0,1.0,8.0,5.0,4.0,5.0,3.0,1.0,3.0,5.0,5.0,3.0,7.0,8.0,7.0,8.0,4.0
Cell_109,6.0,4.0,6.0,6.0,5.0,2.0,4.0,5.0,7.0,3.0,7.0,3.0,8.0,4.0,5.0,9.0,4.0,6.0,4.0,4.0,2.0,9.0,2.0,7.0,7.0,5.0,7.0,4.0,5.0,3.0,3.0,3.0,7.0,6.0,6.0,5.0,7.0,7.0,6.0,4.0,22.0,30.0,19.0,24.0,18.0,21.0,17.0,20.0,21.0,22.0,17.0,19.0,17.0,18.0,22.0,29.0,28.0,16.0,11.0,28.0,17.0,16.0,15.0,6.0,17.0,6.0,8.0,13.0,15.0,15.0,8.0,7.0,5.0,3.0,2.0,5.0,5.0,4.0,3.0,4.0,8.0,4.0,6.0,5.0,4.0,5.0,1.0,7.0,3.0,4.0,5.0,7.0,4.0,1.0,7.0,5.0,5.0,4.0,3.0,8.0
Cell_110,7.0,4.0,6.0,4.0,6.0,3.0,3.0,6.0,4.0,5.0,13.0,5.0,6.0,4.0,2.0,6.0,6.0,6.0,5.0,5.0,10.0,5.0,6.0,5.0,6.0,4.0,8.0,5.0,9.0,6.0,3.0,6.0,4.0,8.0,7.0,2.0,5.0,5.0,6.0,6.0,20.0,18.0,18.0,13.0,19.0,19.0,18.0,24.0,13.0,15.0,16.0,32.0,16.0,14.0,22.0,18.0,25.0,27.0,15.0,20.0,18.0,16.0,10.0,10.0,18.0,10.0,14.0,17.0,14.0,13.0,5.0,2.0,3.0,7.0,7.0,1.0,7.0,3.0,4.0,5.0,10.0,4.0,3.0,4.0,8.0,5.0,9.0,4.0,4.0,6.0,6.0,8.0,2.0,1.0,6.0,7.0,7.0,2.0,7.0,6.0
Cell_111,1.0,6.0,5.0,8.0,6.0,1.0,3.0,5.0,1.0,4.0,5.0,4.0,8.0,5.0,4.0,5.0,4.0,6.0,6.0,6.0,7.0,4.0,4.0,1.0,8.0,8.0,4.0,7.0,7.0,4.0,7.0,6.0,4.0,6.0,6.0,9.0,6.0,7.0,4.0,3.0,21.0,22.0,20.0,15.0,20.0,20.0,19.0,18.0,25.0,18.0,22.0,19.0,13.0,31.0,22.0,29.0,14.0,20.0,20.0,15.0,9.0,11.0,15.0,18.0,11.0,10.0,14.0,13.0,10.0,15.0,4.0,8.0,6.0,6.0,3.0,7.0,7.0,1.0,4.0,4.0,6.0,4.0,5.0,5.0,6.0,6.0,3.0,6.0,7.0,4.0,3.0,8.0,8.0,7.0,1.0,3.0,6.0,11.0,6.0,6.0
Cell_112,5.0,10.0,2.0,2.0,7.0,5.0,4.0,6.0,2.0,4.0,6.0,3.0,7.0,6.0,5.0,3.0,4.0,8.0,5.0,3.0,6.0,5.0,6.0,5.0,2.0,3.0,4.0,2.0,4.0,5.0,5.0,7.0,7.0,7.0,10.0,10.0,6.0,5.0,2.0,4.0,19.0,17.0,23.0,18.0,18.0,20.0,21.0,20.0,29.0,21.0,14.0,16.0,27.0,21.0,17.0,18.0,18.0,21.0,32.0,30.0,11.0,14.0,18.0,10.0,16.0,14.0,13.0,12.0,15.0,8.0,7.0,4.0,5.0,6.0,7.0,4.0,7.0,3.0,3.0,7.0,6.0,8.0,4.0,8.0,7.0,3.0,6.0,3.0,4.0,6.0,3.0,5.0,7.0,8.0,3.0,8.0,4.0,3.0,1.0,6.0
Cell_113,3.0,9.0,1.0,4.0,5.0,2.0,4.0,5.0,2.0,6.0,6.0,9.0,5.0,7.0,6.0,3.0,5.0,5.0,6.0,7.0,8.0,3.0,3.0,5.0,5.0,5.0,5.0,4.0,3.0,3.0,5.0,5.0,8.0,1.0,5.0,2.0,1.0,9.0,2.0,8.0,20.0,22.0,17.0,23.0,22.0,24.0,16.0,19.0,22.0,15.0,27.0,19.0,22.0,31.0,20.0,25.0,24.0,26.0,24.0,17.0,19.0,9.0,11.0,5.0,16.0,13.0,17.0,16.0,17.0,11.0,9.0,3.0,2.0,2.0,4.0,11.0,7.0,3.0,8.0,1.0,4.0,7.0,3.0,9.0,4.0,5.0,5.0,4.0,9.0,4.0,4.0,2.0,5.0,3.0,7.0,4.0,8.0,6.0,1.0,3.0
Cell_114,6.0,4.0,2.0,4.0,3.0,3.0,4.0,14.0,5.0,7.0,4.0,4.0,2.0,6.0,4.0,0.0,5.0,2.0,8.0,6.0,5.0,7.0,4.0,2.0,4.0,3.0,3.0,11.0,2.0,3.0,5.0,7.0,5.0,0.0,5.0,9.0,4.0,9.0,4.0,5.0,28.0,22.0,18.0,19.0,23.0,16.0,24.0,14.0,15.0,19.0,23.0,27.0,18.0,31.0,25.0,21.0,25.0,16.0,26.0,21.0,17.0,12.0,14.0,12.0,16.0,17.0,12.0,17.0,15.0,19.0,4.0,4.0,4.0,6.0,4.0,7.0,4.0,6.0,4.0,8.0,0.0,6.0,8.0,5.0,7.0,7.0,3.0,2.0,5.0,8.0,7.0,1.0,2.0,6.0,3.0,11.0,8.0,3.0,6.0,6.0
Cell_115,10.0,7.0,8.0,3.0,4.0,1.0,4.0,6.0,3.0,4.0,6.0,5.0,4.0,3.0,9.0,9.0,8.0,2.0,6.0,4.0,6.0,3.0,4.0,8.0,6.0,4.0,3.0,7.0,3.0,7.0,4.0,9.0,6.0,4.0,2.0,2.0,5.0,6.0,5.0,7.0,20.0,18.0,27.0,20.0,22.0,17.0,12.0,21.0,24.0,26.0,24.0,19.0,28.0,16.0,38.0,17.0,19.0,9.0,16.0,17.0,14.0,12.0,16.0,9.0,13.0,6.0,16.0,16.0,12.0,9.0,6.0,5.0,6.0,3.0,7.0,8.0,6.0,2.0,6.0,9.0,5.0,8.0,7.0,1.0,3.0,7.0,2.0,4.0,4.0,3.0,6.0,4.0,5.0,4.0,2.0,3.0,4.0,3.0,1.0,6.0
Cell_116,4.0,6.0,5.0,5.0,9.0,6.0,6.0,4.0,6.0,5.0,10.0,12.0,6.0,1.0,3.0,3.0,3.0,8.0,9.0,3.0,3.0,3.0,3.0,3.0,9.0,3.0,2.0,7.0,6.0,9.0,5.0,3.0,6.0,6.0,5.0,5.0,1.0,4.0,7.0,3.0,18.0,25.0,15.0,24.0,22.0,18.0,15.0,25.0,14.0,23.0,18.0,24.0,18.0,9.0,25.0,20.0,22.0,26.0,26.0,25.0,16.0,22.0,10.0,17.0,13.0,10.0,12.0,13.0,14.0,13.0,2.0,4.0,5.0,3.0,3.0,7.0,11.0,6.0,12.0,7.0,3.0,6.0,3.0,5.0,4.0,6.0,13.0,3.0,4.0,5.0,3.0,8.0,4.0,3.0,6.0,6.0,2.0,5.0,4.0,3.0
Cell_117,3.0,4.0,11.0,5.0,6.0,4.0,3.0,6.0,5.0,10.0,6.0,6.0,6.0,6.0,6.0,5.0,11.0,6.0,3.0,2.0,4.0,9.0,8.0,10.0,9.0,3.0,5.0,4.0,5.0,6.0,6.0,1.0,6.0,8.0,6.0,3.0,4.0,5.0,7.0,7.0,22.0,19.0,18.0,18.0,20.0,16.0,26.0,19.0,23.0,21.0,22.0,23.0,21.0,25.0,13.0,13.0,17.0,25.0,18.0,15.0,12.0,11.0,14.0,18.0,18.0,14.0,9.0,10.0,11.0,9.0,2.0,3.0,4.0,3.0,1.0,3.0,3.0,4.0,8.0,6.0,7.0,2.0,4.0,7.0,5.0,5.0,7.0,4.0,9.0,5.0,4.0,3.0,4.0,5.0,6.0,4.0,5.0,4.0,4.0,4.0
Cell_118,5.0,3.0,2.0,3.0,1.0,6.0,6.0,10.0,5.0,7.0,3.0,6.0,1.0,4.0,4.0,4.0,7.0,5.0,4.0,5.0,8.0,8.0,5.0,4.0,9.0,6.0,2.0,3.0,3.0,6.0,3.0,4.0,4.0,1.0,4.0,4.0,6.0,3.0,1.0,7.0,19.0,26.0,28.0,19.0,18.0,19.0,23.0,20.0,26.0,15.0,15.0,27.0,13.0,17.0,21.0,18.0,19.0,21.0,22.0,28.0,10.0,19.0,18.0,16.0,14.0,14.0,12.0,13.0,10.0,11.0,5.0,3.0,7.0,6.0,3.0,2.0,10.0,6.0,1.0,6.0,4.0,6.0,9.0,8.0,5.0,3.0,4.0,4.0,5.0,3.0,4.0,7.0,7.0,4.0,5.0,5.0,4.0,7.0,3.0,2.0
Cell_119,0.0,10.0,3.0,6.0,6.0,2.0,2.0,5.0,5.0,3.0,4.0,5.0,7.0,3.0,5.0,9.0,6.0,9.0,8.0,6.0,3.0,5.0,6.0,6.0,3.0,3.0,8.0,1.0,4.0,3.0,1.0,4.0,2.0,5.0,2.0,6.0,10.0,4.0,6.0,5.0,16.0,17.0,21.0,26.0,20.0,21.0,27.0,17.0,16.0,16.0,10.0,20.0,27.0,17.0,23.0,12.0,20.0,13.0,15.0,29.0,17.0,16.0,10.0,19.0,17.0,15.0,8.0,13.0,13.0,12.0,5.0,5.0,4.0,6.0,7.0,8.0,6.0,4.0,2.0,5.0,5.0,6.0,4.0,7.0,5.0,4.0,3.0,3.0,5.0,4.0,3.0,4.0,7.0,7.0,1.0,4.0,9.0,14.0,3.0,7.0
Cell_120,4.0,4.0,4.0,6.0,11.0,7.0,8.0,2.0,5.0,5.0,2.0,3.0,6.0,7.0,4.0,5.0,5.0,2.0,3.0,6.0,8.0,8.0,4.0,3.0,6.0,6.0,4.0,3.0,4.0,2.0,7.0,5.0,7.0,5.0,6.0,5.0,5.0,8.0,7.0,3.0,18.0,18.0,18.0,26.0,19.0,22.0,26.0,17.0,17.0,27.0,21.0,27.0,20.0,23.0,14.0,19.0,15.0,19.0,20.0,22.0,19.0,14.0,11.0,14.0,11.0,12.0,15.0,17.0,9.0,8.0,6.0,6.0,5.0,3.0,4.0,4.0,6.0,4.0,4.0,5.0,4.0,4.0,6.0,7.0,5.0,4.0,11.0,6.0,2.0,8.0,4.0,5.0,5.0,7.0,4.0,2.0,5.0,6.0,3.0,5.0
Cell_121,5.0,5.0,6.0,4.0,4.0,7.0,7.0,6.0,5.0,3.0,6.0,5.0,6.0,4.0,12.0,5.0,4.0,8.0,3.0,5.0,7.0,3.0,5.0,5.0,4.0,3.0,4.0,2.0,4.0,5.0,7.0,4.0,5.0,4.0,1.0,10.0,5.0,7.0,5.0,6.0,18.0,27.0,23.0,23.0,12.0,14.0,22.0,24.0,21.0,18.0,19.0,25.0,31.0,17.0,15.0,20.0,21.0,17.0,17.0,23.0,13.0,14.0,14.0,13.0,19.0,21.0,10.0,14.0,19.0,15.0,6.0,8.0,4.0,4.0,3.0,3.0,6.0,5.0,8.0,7.0,5.0,5.0,5.0,4.0,2.0,1.0,4.0,5.0,2.0,4.0,5.0,6.0,7.0,9.0,5.0,3.0,5.0,5.0,3.0,6.0
Cell_122,5.0,12.0,4.0,3.0,6.0,4.0,5.0,2.0,10.0,3.0,3.0,7.0,2.0,5.0,3.0,1.0,5.0,5.0,3.0,9.0,6.0,3.0,4.0,6.0,2.0,5.0,5.0,4.0,4.0,4.0,5.0,4.0,3.0,8.0,3.0,4.0,6.0,8.0,3.0,5.0,22.0,20.0,21.0,23.0,22.0,26.0,21.0,11.0,15.0,26.0,20.0,17.0,23.0,17.0,20.0,24.0,19.0,17.0,26.0,20.0,13.0,15.0,17.0,20.0,12.0,16.0,20.0,18.0,11.0,10.0,3.0,5.0,10.0,2.0,8.0,11.0,6.0,4.0,5.0,3.0,6.0,9.0,5.0,3.0,8.0,7.0,6.0,7.0,3.0,7.0,2.0,7.0,3.0,3.0,2.0,9.0,2.0,5.0,7.0,5.0
Cell_123,3.0,10.0,7.0,4.0,3.0,3.0,4.0,7.0,4.0,5.0,8.0,8.0,8.0,9.0,6.0,3.0,8.0,8.0,2.0,7.0,6.0,2.0,4.0,6.0,8.0,3.0,7.0,4.0,1.0,4.0,1.0,5.0,6.0,11.0,2.0,5.0,7.0,5.0,8.0,1.0,19.0,17.0,17.0,17.0,21.0,15.0,13.0,14.0,21.0,28.0,22.0,16.0,26.0,12.0,21.0,12.0,11.0,16.0,14.0,24.0,16.0,7.0,10.0,11.0,9.0,13.0,9.0,20.0,10.0,14.0,6.0,4.0,1.0,3.0,3.0,6.0,3.0,6.0,4.0,2.0,4.0,9.0,4.0,5.0,7.0,2.0,7.0,3.0,5.0,5.0,9.0,3.0,6.0,5.0,6.0,4.0,2.0,6.0,4.0,6.0
Cell_124,7.0,5.0,4.0,4.0,4.0,9.0,6.0,1.0,5.0,5.0,6.0,4.0,4.0,4.0,6.0,5.0,5.0,7.0,3.0,6.0,8.0,6.0,5.0,7.0,5.0,5.0,2.0,5.0,6.0,6.0,4.0,5.0,6.0,2.0,6.0,5.0,4.0,2.0,9.0,4.0,18.0,31.0,22.0,20.0,21.0,20.0,12.0,13.0,19.0,17.0,18.0,25.0,24.0,12.0,16.0,12.0,19.0,22.0,27.0,23.0,17.0,13.0,9.0,19.0,11.0,11.0,10.0,8.0,9.0,9.0,2.0,7.0,3.0,6.0,5.0,3.0,6.0,5.0,5.0,7.0,5.0,6.0,9.0,7.0,6.0,4.0,6.0,2.0,6.0,7.0,10.0,5.0,4.0,7.0,4.0,5.0,3.0,4.0,3.0,1.0
Cell_125,9.0,9.0,7.0,6.0,5.0,4.0,3.0,4.0,4.0,5.0,6.0,2.0,8.0,6.0,9.0,3.0,7.0,6.0,4.0,2.0,6.0,3.0,4.0,5.0,4.0,6.0,10.0,3.0,5.0,2.0,7.0,8.0,4.0,4.0,6.0,5.0,5.0,7.0,8.0,4.0,23.0,27.0,17.0,17.0,22.0,20.0,18.0,18.0,26.0,13.0,23.0,20.0,15.0,22.0,25.0,21.0,25.0,20.0,23.0,19.0,13.0,14.0,10.0,15.0,10.0,12.0,7.0,14.0,15.0,12.0,10.0,7.0,5.0,6.0,5.0,4.0,5.0,5.0,7.0,7.0,5.0,5.0,8.0,8.0,3.0,6.0,5.0,9.0,2.0,7.0,3.0,6.0,4.0,6.0,4.0,5.0,3.0,3.0,6.0,6.0
Cell_126,5.0,6.0,9.0,5.0,4.0,3.0,9.0,1.0,8.0,3.0,4.0,5.0,9.0,2.0,7.0,5.0,6.0,2.0,5.0,6.0,7.0,6.0,5.0,3.0,4.0,3.0,7.0,4.0,10.0,4.0,10.0,4.0,5.0,4.0,5.0,7.0,6.0,4.0,5.0,4.0,11.0,17.0,21.0,16.0,15.0,15.0,17.0,13.0,17.0,18.0,20.0,21.0,18.0,24.0,18.0,21.0,14.0,18.0,15.0,17.0,15.0,20.0,12.0,6.0,7.0,13.0,13.0,12.0,13.0,10.0,9.0,3.0,4.0,7.0,6.0,1.0,2.0,4.0,1.0,7.0,3.0,7.0,4.0,9.0,6.0,4.0,4.0,4.0,13.0,4.0,4.0,0.0,8.0,7.0,7.0,4.0,3.0,5.0,2.0,6.0
Cell_127,8.0,7.0,6.0,4.0,7.0,3.0,3.0,4.0,7.0,8.0,7.0,4.0,5.0,10.0,4.0,7.0,7.0,5.0,2.0,6.0,2.0,4.0,6.0,7.0,6.0,7.0,6.0,4.0,4.0,4.0,6.0,6.0,3.0,3.0,4.0,3.0,7.0,6.0,4.0,1.0,17.0,23.0,20.0,29.0,16.0,19.0,24.0,15.0,27.0,25.0,15.0,20.0,18.0,23.0,21.0,18.0,20.0,18.0,21.0,23.0,6.0,22.0,9.0,17.0,15.0,10.0,16.0,9.0,13.0,15.0,9.0,7.0,3.0,3.0,4.0,6.0,6.0,3.0,7.0,5.0,3.0,7.0,7.0,4.0,2.0,8.0,4.0,5.0,5.0,2.0,3.0,4.0,2.0,1.0,4.0,4.0,7.0,7.0,5.0,3.0
Cell_128,6.0,4.0,5.0,5.0,3.0,2.0,4.0,4.0,2.0,6.0,0.0,7.0,6.0,6.0,7.0,3.0,3.0,8.0,7.0,6.0,1.0,3.0,7.0,4.0,4.0,3.0,1.0,5.0,5.0,7.0,4.0,5.0,6.0,5.0,5.0,7.0,5.0,7.0,1.0,6.0,23.0,24.0,18.0,23.0,22.0,18.0,29.0,20.0,27.0,23.0,13.0,15.0,20.0,23.0,24.0,19.0,16.0,26.0,24.0,25.0,15.0,10.0,13.0,17.0,5.0,18.0,16.0,18.0,13.0,10.0,4.0,6.0,6.0,4.0,6.0,3.0,3.0,4.0,4.0,3.0,4.0,6.0,3.0,4.0,2.0,5.0,6.0,4.0,4.0,2.0,5.0,7.0,11.0,3.0,5.0,4.0,5.0,9.0,4.0,12.0
Cell_129,4.0,5.0,2.0,7.0,7.0,3.0,6.0,9.0,8.0,3.0,8.0,4.0,3.0,4.0,3.0,6.0,5.0,4.0,2.0,4.0,6.0,3.0,1.0,5.0,4.0,7.0,4.0,7.0,3.0,6.0,6.0,3.0,8.0,8.0,4.0,5.0,5.0,5.0,4.0,5.0,19.0,19.0,22.0,19.0,25.0,18.0,23.0,18.0,19.0,29.0,19.0,22.0,24.0,20.0,23.0,22.0,21.0,12.0,22.0,18.0,11.0,15.0,8.0,14.0,16.0,14.0,15.0,10.0,23.0,15.0,4.0,8.0,4.0,8.0,5.0,2.0,11.0,3.0,5.0,5.0,9.0,4.0,1.0,6.0,4.0,4.0,5.0,5.0,6.0,4.0,3.0,8.0,5.0,7.0,6.0,5.0,5.0,6.0,5.0,5.0
Cell_130,5.0,7.0,4.0,4.0,7.0,5.0,7.0,10.0,7.0,3.0,6.0,3.0,4.0,6.0,4.0,4.0,3.0,5.0,6.0,5.0,6.0,8.0,4.0,4.0,6.0,4.0,5.0,6.0,11.0,3.0,7.0,5.0,4.0,5.0,2.0,6.0,3.0,10.0,6.0,5.0,13.0,20.0,15.0,15.0,21.0,24.0,24.0,18.0,17.0,12.0,19.0,24.0,27.0,14.0,24.0,12.0,24.0,16.0,20.0,17.0,6.0,14.0,15.0,16.0,15.0,10.0,14.0,14.0,10.0,15.0,5.0,4.0,3.0,6.0,6.0,0.0,3.0,5.0,3.0,2.0,5.0,7.0,7.0,4.0,3.0,8.0,5.0,5.0,6.0,7.0,4.0,6.0,4.0,6.0,2.0,5.0,3.0,3.0,3.0,8.0
Cell_131,4.0,11.0,5.0,3.0,7.0,7.0,2.0,9.0,3.0,9.0,4.0,2.0,6.0,3.0,6.0,8.0,3.0,6.0,7.0,3.0,1.0,6.0,5.0,7.0,5.0,5.0,5.0,10.0,11.0,3.0,8.0,4.0,3.0,5.0,4.0,8.0,10.0,6.0,4.0,4.0,20.0,21.0,23.0,22.0,21.0,17.0,18.0,20.0,19.0,18.0,10.0,19.0,23.0,17.0,14.0,16.0,18.0,18.0,29.0,21.0,10.0,18.0,13.0,12.0,17.0,10.0,12.0,18.0,22.0,11.0,6.0,2.0,7.0,4.0,4.0,6.0,3.0,4.0,6.0,2.0,7.0,4.0,5.0,8.0,5.0,4.0,6.0,7.0,4.0,6.0,8.0,3.0,8.0,10.0,7.0,4.0,6.0,3.0,1.0,3.0
Cell_132,1.0,2.0,5.0,6.0,7.0,1.0,7.0,4.0,5.0,3.0,4.0,4.0,3.0,3.0,6.0,5.0,4.0,6.0,3.0,6.0,4.0,7.0,9.0,9.0,2.0,1.0,2.0,8.0,9.0,2.0,9.0,7.0,3.0,8.0,9.0,4.0,3.0,7.0,5.0,4.0,16.0,24.0,19.0,18.0,20.0,22.0,19.0,24.0,26.0,16.0,22.0,32.0,16.0,24.0,17.0,22.0,22.0,20.0,14.0,12.0,21.0,17.0,8.0,12.0,20.0,13.0,10.0,14.0,15.0,13.0,8.0,4.0,5.0,7.0,4.0,9.0,6.0,4.0,5.0,7.0,7.0,9.0,5.0,6.0,4.0,5.0,7.0,3.0,0.0,4.0,2.0,3.0,4.0,4.0,3.0,4.0,5.0,5.0,3.0,5.0
Cell_133,3.0,2.0,6.0,5.0,9.0,4.0,8.0,7.0,8.0,3.0,5.0,7.0,6.0,5.0,5.0,2.0,6.0,7.0,1.0,6.0,2.0,5.0,5.0,8.0,3.0,5.0,6.0,6.0,3.0,5.0,7.0,4.0,7.0,4.0,7.0,5.0,7.0,5.0,2.0,2.0,19.0,15.0,19.0,17.0,12.0,15.0,21.0,21.0,18.0,13.0,24.0,21.0,21.0,13.0,24.0,20.0,11.0,22.0,22.0,24.0,13.0,12.0,11.0,16.0,11.0,9.0,7.0,12.0,15.0,17.0,3.0,7.0,5.0,1.0,5.0,3.0,3.0,6.0,4.0,5.0,8.0,5.0,7.0,4.0,7.0,7.0,6.0,7.0,6.0,5.0,6.0,7.0,3.0,4.0,6.0,3.0,6.0,6.0,7.0,3.0
Cell_134,3.0,4.0,7.0,5.0,8.0,4.0,5.0,4.0,8.0,2.0,8.0,1.0,5.0,5.0,2.0,6.0,9.0,3.0,6.0,3.0,4.0,5.0,1.0,5.0,6.0,1.0,1.0,2.0,10.0,4.0,6.0,7.0,3.0,6.0,3.0,8.0,11.0,4.0,2.0,7.0,25.0,13.0,19.0,21.0,18.0,13.0,23.0,22.0,21.0,24.0,23.0,19.0,18.0,22.0,28.0,21.0,12.0,24.0,12.0,18.0,17.0,14.0,11.0,11.0,9.0,10.0,14.0,13.0,12.0,14.0,7.0,6.0,5.0,3.0,6.0,2.0,6.0,6.0,4.0,7.0,6.0,4.0,4.0,5.0,4.0,7.0,6.0,3.0,4.0,5.0,7.0,4.0,5.0,7.0,8.0,10.0,4.0,5.0,2.0,3.0
Cell_135,6.0,2.0,6.0,4.0,3.0,6.0,5.0,8.0,3.0,5.0,8.0,6.0,7.0,6.0,4.0,9.0,5.0,2.0,3.0,3.0,9.0,6.0,3.0,5.0,6.0,7.0,8.0,3.0,6.0,2.0,5.0,8.0,5.0,2.0,3.0,6.0,5.0,9.0,5.0,5.0,27.0,27.0,23.0,17.0,23.0,17.0,22.0,22.0,13.0,29.0,17.0,18.0,15.0,15.0,21.0,18.0,28.0,16.0,16.0,19.0,11.0,13.0,10.0,19.0,9.0,14.0,16.0,14.0,18.0,15.0,7.0,7.0,6.0,3.0,2.0,4.0,3.0,11.0,4.0,3.0,5.0,4.0,2.0,2.0,2.0,6.0,5.0,6.0,7.0,10.0,7.0,6.0,3.0,8.0,5.0,1.0,5.0,12.0,5.0,4.0
Cell_136,3.0,6.0,5.0,5.0,6.0,3.0,5.0,5.0,6.0,5.0,4.0,5.0,9.0,5.0,5.0,3.0,5.0,7.0,9.0,9.0,9.0,3.0,4.0,2.0,7.0,6.0,3.0,7.0,5.0,4.0,7.0,5.0,2.0,7.0,5.0,4.0,5.0,7.0,2.0,4.0,14.0,22.0,23.0,19.0,19.0,15.0,14.0,11.0,19.0,22.0,16.0,16.0,18.0,17.0,13.0,26.0,20.0,24.0,24.0,19.0,9.0,16.0,11.0,9.0,17.0,12.0,15.0,23.0,12.0,20.0,8.0,4.0,8.0,7.0,8.0,6.0,4.0,6.0,2.0,3.0,11.0,7.0,1.0,11.0,9.0,6.0,9.0,5.0,4.0,5.0,4.0,4.0,4.0,4.0,6.0,2.0,10.0,7.0,2.0,8.0
Cell_137,4.0,4.0,2.0,5.0,9.0,5.0,6.0,4.0,3.0,7.0,11.0,4.0,7.0,6.0,4.0,5.0,6.0,4.0,9.0,6.0,5.0,4.0,5.0,8.0,2.0,6.0,6.0,10.0,4.0,5.0,6.0,6.0,3.0,5.0,6.0,6.0,6.0,4.0,6.0,3.0,16.0,22.0,26.0,22.0,27.0,22.0,27.0,17.0,20.0,20.0,19.0,20.0,17.0,17.0,22.0,18.0,23.0,18.0,25.0,23.0,11.0,13.0,15.0,14.0,14.0,10.0,10.0,14.0,15.0,11.0,4.0,4.0,3.0,7.0,5.0,5.0,5.0,5.0,1.0,4.0,6.0,9.0,5.0,2.0,7.0,6.0,2.0,4.0,3.0,7.0,6.0,5.0,2.0,4.0,1.0,4.0,9.0,5.0,3.0,4.0
Cell_138,4.0,5.0,4.0,7.0,6.0,7.0,7.0,6.0,9.0,2.0,3.0,3.0,0.0,2.0,5.0,7.0,8.0,2.0,6.0,5.0,10.0,3.0,4.0,3.0,10.0,3.0,9.0,8.0,3.0,7.0,7.0,1.0,6.0,5.0,3.0,5.0,4.0,6.0,3.0,6.0,23.0,14.0,24.0,16.0,22.0,17.0,17.0,26.0,15.0,23.0,23.0,31.0,15.0,22.0,24.0,24.0,24.0,28.0,19.0,12.0,11.0,11.0,10.0,13.0,13.0,10.0,10.0,22.0,7.0,17.0,3.0,4.0,7.0,9.0,7.0,5.0,1.0,4.0,5.0,3.0,6.0,8.0,4.0,4.0,3.0,4.0,5.0,6.0,3.0,8.0,3.0,2.0,7.0,5.0,1.0,5.0,5.0,9.0,5.0,3.0
Cell_139,8.0,3.0,6.0,9.0,3.0,10.0,4.0,4.0,5.0,2.0,1.0,5.0,5.0,3.0,3.0,6.0,2.0,5.0,6.0,5.0,8.0,10.0,3.0,2.0,11.0,2.0,4.0,8.0,5.0,6.0,5.0,4.0,7.0,2.0,1.0,4.0,3.0,4.0,1.0,3.0,21.0,14.0,20.0,25.0,15.0,18.0,17.0,19.0,15.0,26.0,17.0,25.0,23.0,18.0,12.0,14.0,22.0,25.0,19.0,15.0,12.0,11.0,7.0,8.0,24.0,16.0,11.0,17.0,13.0,18.0,1.0,2.0,5.0,4.0,9.0,9.0,5.0,8.0,7.0,7.0,5.0,1.0,4.0,2.0,5.0,2.0,7.0,5.0,8.0,6.0,3.0,4.0,6.0,5.0,5.0,3.0,2.0,7.0,3.0,4.0
Cell_140,5.0,6.0,10.0,5.0,3.0,5.0,2.0,6.0,4.0,2.0,6.0,2.0,0.0,3.0,1.0,5.0,2.0,5.0,7.0,8.0,4.0,10.0,7.0,7.0,7.0,5.0,6.0,7.0,1.0,5.0,5.0,4.0,5.0,8.0,8.0,2.0,7.0,5.0,9.0,4.0,21.0,22.0,22.0,22.0,24.0,23.0,23.0,15.0,18.0,21.0,16.0,19.0,16.0,13.0,27.0,19.0,19.0,16.0,23.0,18.0,15.0,14.0,12.0,12.0,5.0,13.0,14.0,8.0,11.0,16.0,7.0,2.0,7.0,5.0,8.0,5.0,6.0,3.0,8.0,5.0,9.0,5.0,6.0,4.0,6.0,8.0,6.0,8.0,6.0,3.0,2.0,5.0,1.0,0.0,2.0,4.0,3.0,6.0,3.0,6.0
Cell_141,8.0,10.0,5.0,6.0,3.0,7.0,4.0,7.0,6.0,4.0,3.0,4.0,5.0,10.0,7.0,7.0,4.0,5.0,6.0,8.0,2.0,5.0,6.0,2.0,2.0,5.0,0.0,4.0,11.0,2.0,6.0,2.0,4.0,7.0,3.0,7.0,4.0,5.0,6.0,7.0,13.0,24.0,14.0,17.0,18.0,28.0,15.0,15.0,22.0,21.0,21.0,21.0,21.0,19.0,11.0,18.0,24.0,18.0,25.0,18.0,10.0,14.0,20.0,14.0,16.0,17.0,16.0,17.0,5.0,9.0,3.0,4.0,5.0,4.0,4.0,2.0,8.0,4.0,4.0,2.0,9.0,3.0,4.0,4.0,5.0,7.0,7.0,8.0,5.0,5.0,6.0,8.0,9.0,12.0,6.0,3.0,8.0,5.0,5.0,3.0
Cell_142,6.0,4.0,4.0,5.0,4.0,8.0,8.0,4.0,4.0,3.0,3.0,1.0,2.0,3.0,7.0,7.0,4.0,2.0,3.0,5.0,4.0,3.0,9.0,3.0,3.0,4.0,1.0,5.0,6.0,3.0,1.0,8.0,6.0,7.0,3.0,4.0,8.0,6.0,5.0,4.0,19.0,22.0,38.0,20.0,24.0,21.0,22.0,20.0,16.0,22.0,22.0,25.0,16.0,26.0,19.0,24.0,19.0,14.0,20.0,35.0,9.0,13.0,16.0,15.0,10.0,9.0,12.0,16.0,16.0,11.0,5.0,4.0,4.0,3.0,7.0,3.0,4.0,5.0,8.0,7.0,6.0,8.0,5.0,3.0,3.0,1.0,6.0,9.0,5.0,5.0,4.0,6.0,5.0,6.0,4.0,2.0,1.0,1.0,5.0,4.0
Cell_143,6.0,6.0,4.0,5.0,8.0,3.0,4.0,1.0,7.0,6.0,5.0,3.0,9.0,5.0,6.0,5.0,9.0,3.0,7.0,5.0,6.0,4.0,8.0,9.0,4.0,4.0,2.0,6.0,5.0,2.0,4.0,4.0,3.0,10.0,5.0,5.0,6.0,2.0,4.0,0.0,26.0,22.0,15.0,19.0,23.0,13.0,13.0,22.0,13.0,16.0,17.0,10.0,26.0,24.0,20.0,21.0,28.0,24.0,16.0,15.0,8.0,13.0,20.0,19.0,11.0,13.0,12.0,17.0,11.0,15.0,5.0,1.0,6.0,7.0,12.0,10.0,6.0,2.0,4.0,3.0,2.0,2.0,5.0,5.0,9.0,6.0,7.0,4.0,4.0,6.0,5.0,3.0,10.0,7.0,3.0,7.0,4.0,7.0,6.0,13.0
Cell_144,4.0,10.0,7.0,2.0,6.0,5.0,4.0,3.0,7.0,5.0,4.0,6.0,1.0,2.0,3.0,7.0,8.0,6.0,8.0,5.0,2.0,10.0,4.0,5.0,3.0,8.0,4.0,6.0,4.0,4.0,4.0,6.0,4.0,3.0,5.0,3.0,5.0,3.0,5.0,7.0,15.0,13.0,24.0,20.0,16.0,24.0,23.0,22.0,26.0,18.0,20.0,26.0,20.0,18.0,20.0,23.0,17.0,20.0,20.0,15.0,15.0,14.0,13.0,10.0,14.0,17.0,14.0,20.0,17.0,12.0,7.0,6.0,6.0,8.0,4.0,4.0,4.0,10.0,3.0,2.0,8.0,10.0,4.0,4.0,7.0,4.0,7.0,3.0,3.0,3.0,5.0,5.0,6.0,6.0,2.0,7.0,4.0,2.0,7.0,8.0
Cell_145,6.0,11.0,7.0,5.0,10.0,3.0,6.0,4.0,4.0,6.0,2.0,7.0,9.0,6.0,7.0,5.0,3.0,5.0,4.0,6.0,3.0,5.0,5.0,5.0,2.0,1.0,6.0,5.0,7.0,2.0,3.0,3.0,9.0,7.0,6.0,5.0,1.0,3.0,5.0,10.0,15.0,16.0,21.0,22.0,17.0,14.0,21.0,12.0,24.0,17.0,13.0,25.0,16.0,17.0,22.0,12.0,19.0,12.0,23.0,22.0,10.0,12.0,10.0,5.0,15.0,12.0,11.0,11.0,12.0,15.0,4.0,5.0,7.0,10.0,1.0,7.0,5.0,5.0,10.0,4.0,11.0,3.0,6.0,1.0,7.0,4.0,6.0,7.0,6.0,2.0,2.0,2.0,3.0,3.0,4.0,2.0,3.0,4.0,5.0,4.0
Cell_146,0.0,0.0,9.0,6.0,8.0,3.0,5.0,6.0,7.0,2.0,2.0,8.0,4.0,3.0,4.0,1.0,4.0,6.0,8.0,3.0,5.0,9.0,2.0,4.0,7.0,6.0,5.0,6.0,5.0,7.0,4.0,7.0,3.0,5.0,1.0,3.0,7.0,5.0,5.0,7.0,11.0,28.0,23.0,17.0,24.0,15.0,14.0,18.0,21.0,16.0,17.0,14.0,22.0,22.0,28.0,22.0,16.0,20.0,22.0,18.0,10.0,13.0,16.0,11.0,16.0,9.0,23.0,9.0,16.0,13.0,8.0,5.0,7.0,2.0,4.0,4.0,5.0,7.0,3.0,6.0,5.0,6.0,3.0,6.0,5.0,4.0,5.0,8.0,3.0,5.0,3.0,7.0,7.0,5.0,2.0,5.0,3.0,3.0,6.0,1.0
Cell_147,6.0,6.0,6.0,8.0,7.0,6.0,3.0,6.0,4.0,5.0,4.0,6.0,3.0,3.0,4.0,6.0,4.0,5.0,9.0,6.0,5.0,6.0,3.0,7.0,5.0,6.0,2.0,2.0,2.0,6.0,8.0,6.0,3.0,7.0,6.0,5.0,4.0,9.0,4.0,7.0,21.0,17.0,15.0,20.0,19.0,15.0,21.0,14.0,17.0,26.0,20.0,19.0,21.0,19.0,17.0,23.0,22.0,31.0,33.0,24.0,13.0,10.0,13.0,14.0,23.0,13.0,11.0,22.0,13.0,10.0,4.0,6.0,7.0,2.0,10.0,4.0,4.0,2.0,4.0,4.0,5.0,5.0,5.0,4.0,3.0,4.0,5.0,6.0,4.0,7.0,6.0,2.0,2.0,4.0,5.0,5.0,3.0,8.0,4.0,9.0
Cell_148,1.0,2.0,1.0,6.0,6.0,6.0,7.0,7.0,6.0,3.0,7.0,5.0,6.0,5.0,8.0,9.0,5.0,6.0,4.0,1.0,4.0,4.0,3.0,4.0,2.0,4.0,6.0,5.0,6.0,8.0,5.0,3.0,7.0,2.0,3.0,3.0,5.0,5.0,6.0,6.0,12.0,22.0,22.0,19.0,19.0,22.0,19.0,27.0,17.0,19.0,15.0,21.0,29.0,17.0,17.0,18.0,18.0,26.0,29.0,22.0,10.0,12.0,13.0,14.0,15.0,17.0,15.0,12.0,17.0,9.0,4.0,5.0,4.0,6.0,5.0,8.0,2.0,1.0,2.0,0.0,5.0,5.0,6.0,2.0,4.0,2.0,4.0,8.0,3.0,3.0,3.0,3.0,3.0,5.0,5.0,4.0,4.0,7.0,2.0,3.0
Cell_149,2.0,6.0,5.0,7.0,7.0,5.0,5.0,4.0,3.0,4.0,6.0,5.0,0.0,6.0,11.0,7.0,4.0,6.0,5.0,5.0,4.0,5.0,5.0,6.0,5.0,5.0,3.0,11.0,7.0,2.0,5.0,7.0,3.0,9.0,6.0,3.0,4.0,9.0,7.0,5.0,13.0,21.0,12.0,19.0,24.0,11.0,25.0,22.0,20.0,14.0,18.0,13.0,22.0,19.0,16.0,19.0,21.0,25.0,21.0,23.0,13.0,13.0,13.0,11.0,13.0,9.0,14.0,11.0,13.0,4.0,5.0,4.0,4.0,3.0,7.0,9.0,4.0,7.0,7.0,5.0,4.0,6.0,6.0,4.0,4.0,4.0,8.0,3.0,1.0,4.0,2.0,4.0,6.0,5.0,7.0,8.0,5.0,4.0,3.0,4.0
Cell_150,8.0,5.0,9.0,2.0,3.0,6.0,5.0,5.0,4.0,7.0,6.0,6.0,9.0,3.0,6.0,7.0,7.0,6.0,3.0,4.0,4.0,6.0,1.0,5.0,6.0,7.0,2.0,3.0,1.0,4.0,10.0,3.0,2.0,2.0,4.0,7.0,4.0,4.0,9.0,7.0,21.0,19.0,15.0,20.0,20.0,25.0,18.0,20.0,22.0,16.0,28.0,20.0,17.0,33.0,16.0,18.0,32.0,16.0,14.0,17.0,17.0,13.0,16.0,15.0,17.0,8.0,6.0,18.0,14.0,11.0,2.0,1.0,2.0,6.0,5.0,4.0,5.0,6.0,4.0,3.0,4.0,3.0,6.0,5.0,5.0,2.0,3.0,6.0,4.0,4.0,5.0,8.0,3.0,6.0,5.0,0.0,3.0,11.0,2.0,4.0
Cell_151,10.0,13.0,12.0,7.0,7.0,6.0,15.0,9.0,9.0,12.0,2.0,1.0,10.0,3.0,3.0,5.0,4.0,3.0,4.0,3.0,8.0,5.0,5.0,5.0,3.0,4.0,5.0,5.0,4.0,4.0,0.0,5.0,5.0,2.0,3.0,2.0,5.0,2.0,3.0,1.0,8.0,5.0,10.0,9.0,6.0,3.0,10.0,9.0,4.0,7.0,2.0,6.0,7.0,1.0,4.0,1.0,3.0,9.0,8.0,4.0,15.0,20.0,21.0,26.0,19.0,21.0,16.0,18.0,21.0,27.0,25.0,19.0,14.0,25.0,23.0,20.0,18.0,20.0,20.0,20.0,5.0,6.0,9.0,7.0,6.0,7.0,8.0,9.0,4.0,3.0,5.0,9.0,3.0,5.0,4.0,3.0,8.0,2.0,5.0,8.0
Cell_152,10.0,13.0,10.0,16.0,12.0,17.0,9.0,7.0,12.0,6.0,5.0,8.0,5.0,7.0,3.0,6.0,4.0,4.0,3.0,9.0,8.0,6.0,5.0,1.0,2.0,5.0,2.0,4.0,14.0,4.0,4.0,3.0,3.0,3.0,4.0,4.0,5.0,5.0,7.0,7.0,3.0,6.0,5.0,4.0,8.0,1.0,2.0,6.0,4.0,3.0,4.0,3.0,5.0,5.0,3.0,5.0,8.0,4.0,7.0,4.0,17.0,19.0,14.0,14.0,23.0,23.0,15.0,23.0,23.0,22.0,15.0,23.0,23.0,16.0,21.0,21.0,19.0,24.0,17.0,18.0,4.0,4.0,3.0,4.0,7.0,7.0,2.0,6.0,7.0,5.0,5.0,2.0,8.0,3.0,4.0,6.0,1.0,6.0,2.0,10.0
Cell_153,10.0,10.0,11.0,8.0,12.0,12.0,17.0,8.0,17.0,17.0,3.0,6.0,4.0,5.0,4.0,4.0,1.0,7.0,5.0,4.0,7.0,4.0,3.0,4.0,6.0,3.0,8.0,6.0,6.0,5.0,2.0,6.0,6.0,3.0,2.0,3.0,3.0,6.0,4.0,3.0,11.0,2.0,5.0,4.0,2.0,11.0,6.0,11.0,9.0,5.0,6.0,7.0,8.0,4.0,10.0,8.0,5.0,9.0,5.0,1.0,22.0,25.0,28.0,23.0,16.0,30.0,16.0,22.0,16.0,19.0,27.0,24.0,18.0,20.0,26.0,18.0,15.0,19.0,20.0,21.0,6.0,5.0,4.0,4.0,7.0,3.0,4.0,5.0,1.0,5.0,8.0,4.0,2.0,4.0,4.0,4.0,5.0,7.0,6.0,6.0
Cell_154,19.0,10.0,10.0,11.0,3.0,8.0,11.0,15.0,10.0,7.0,8.0,4.0,6.0,6.0,6.0,2.0,3.0,6.0,2.0,4.0,5.0,8.0,4.0,7.0,3.0,2.0,3.0,7.0,9.0,9.0,8.0,5.0,5.0,3.0,4.0,5.0,7.0,3.0,2.0,8.0,3.0,9.0,2.0,7.0,5.0,5.0,4.0,4.0,3.0,7.0,6.0,9.0,2.0,1.0,6.0,5.0,8.0,5.0,6.0,5.0,16.0,14.0,21.0,21.0,18.0,26.0,14.0,19.0,21.0,21.0,22.0,17.0,25.0,20.0,13.0,24.0,21.0,16.0,21.0,23.0,3.0,0.0,7.0,9.0,10.0,8.0,5.0,6.0,6.0,3.0,6.0,4.0,5.0,4.0,5.0,8.0,8.0,5.0,4.0,5.0
Cell_155,12.0,13.0,7.0,11.0,14.0,13.0,14.0,12.0,16.0,11.0,13.0,4.0,4.0,9.0,5.0,7.0,3.0,8.0,2.0,4.0,3.0,6.0,8.0,6.0,3.0,4.0,5.0,5.0,0.0,6.0,4.0,5.0,7.0,6.0,4.0,3.0,7.0,4.0,8.0,8.0,1.0,8.0,4.0,3.0,3.0,6.0,5.0,4.0,9.0,6.0,4.0,6.0,5.0,6.0,2.0,4.0,5.0,4.0,3.0,7.0,18.0,19.0,14.0,24.0,21.0,23.0,16.0,25.0,21.0,12.0,25.0,20.0,23.0,16.0,15.0,17.0,19.0,24.0,15.0,18.0,4.0,4.0,6.0,3.0,8.0,6.0,6.0,3.0,5.0,2.0,6.0,4.0,6.0,1.0,7.0,9.0,5.0,2.0,4.0,4.0
Cell_156,11.0,7.0,7.0,13.0,10.0,16.0,8.0,15.0,9.0,9.0,2.0,3.0,5.0,5.0,7.0,6.0,3.0,8.0,7.0,5.0,7.0,6.0,2.0,9.0,5.0,3.0,2.0,2.0,8.0,5.0,2.0,1.0,8.0,6.0,5.0,5.0,5.0,5.0,3.0,5.0,6.0,5.0,7.0,3.0,6.0,3.0,5.0,2.0,3.0,7.0,7.0,7.0,10.0,5.0,6.0,6.0,4.0,5.0,3.0,7.0,14.0,29.0,20.0,16.0,22.0,23.0,15.0,17.0,17.0,12.0,18.0,25.0,26.0,9.0,27.0,17.0,23.0,19.0,18.0,22.0,2.0,7.0,9.0,6.0,0.0,5.0,10.0,7.0,5.0,6.0,4.0,3.0,3.0,5.0,4.0,3.0,3.0,8.0,3.0,6.0
Cell_157,7.0,15.0,15.0,10.0,11.0,9.0,8.0,10.0,11.0,11.0,3.0,3.0,3.0,4.0,7.0,4.0,0.0,4.0,5.0,5.0,6.0,5.0,4.0,4.0,4.0,8.0,3.0,4.0,6.0,8.0,4.0,6.0,8.0,7.0,5.0,8.0,6.0,3.0,7.0,3.0,5.0,2.0,5.0,4.0,4.0,2.0,5.0,4.0,9.0,6.0,6.0,4.0,10.0,3.0,5.0,4.0,8.0,10.0,5.0,4.0,16.0,17.0,14.0,18.0,24.0,19.0,17.0,16.0,21.0,10.0,13.0,21.0,23.0,15.0,21.0,13.0,29.0,20.0,19.0,27.0,6.0,6.0,5.0,4.0,5.0,8.0,6.0,6.0,4.0,4.0,5.0,3.0,6.0,7.0,4.0,6.0,3.0,4.0,7.0,2.0
Cell_158,7.0,17.0,10.0,10.0,18.0,10.0,9.0,12.0,13.0,9.0,5.0,6.0,5.0,3.0,4.0,5.0,6.0,1.0,4.0,7.0,7.0,9.0,2.0,5.0,6.0,4.0,6.0,6.0,3.0,4.0,6.0,3.0,4.0,4.0,5.0,6.0,3.0,9.0,4.0,2.0,4.0,2.0,4.0,7.0,6.0,7.0,5.0,4.0,8.0,4.0,5.0,7.0,1.0,10.0,6.0,6.0,7.0,4.0,4.0,7.0,19.0,21.0,12.0,23.0,20.0,22.0,17.0,23.0,18.0,15.0,21.0,21.0,26.0,20.0,20.0,18.0,18.0,21.0,20.0,18.0,5.0,2.0,0.0,5.0,4.0,3.0,6.0,5.0,4.0,2.0,0.0,2.0,6.0,3.0,2.0,4.0,5.0,5.0,4.0,8.0
Cell_159,10.0,9.0,10.0,12.0,10.0,17.0,10.0,10.0,4.0,13.0,5.0,3.0,6.0,6.0,4.0,0.0,5.0,5.0,5.0,6.0,4.0,2.0,3.0,7.0,6.0,5.0,5.0,5.0,4.0,8.0,5.0,5.0,5.0,1.0,3.0,4.0,7.0,6.0,4.0,4.0,5.0,5.0,6.0,5.0,5.0,7.0,4.0,4.0,7.0,4.0,6.0,6.0,4.0,11.0,4.0,5.0,4.0,8.0,3.0,2.0,16.0,17.0,23.0,17.0,18.0,14.0,20.0,17.0,15.0,18.0,28.0,19.0,20.0,16.0,21.0,22.0,19.0,24.0,23.0,21.0,3.0,5.0,3.0,5.0,4.0,1.0,9.0,5.0,3.0,7.0,5.0,3.0,6.0,4.0,4.0,5.0,4.0,2.0,1.0,3.0
Cell_160,10.0,13.0,7.0,7.0,8.0,7.0,8.0,11.0,8.0,17.0,2.0,6.0,11.0,8.0,4.0,4.0,4.0,9.0,4.0,8.0,5.0,4.0,3.0,4.0,6.0,4.0,6.0,6.0,5.0,5.0,8.0,6.0,6.0,4.0,6.0,0.0,3.0,5.0,6.0,7.0,3.0,5.0,9.0,4.0,3.0,7.0,5.0,3.0,4.0,4.0,4.0,5.0,3.0,2.0,5.0,7.0,5.0,4.0,5.0,6.0,30.0,17.0,17.0,17.0,24.0,28.0,17.0,20.0,27.0,23.0,26.0,21.0,23.0,15.0,13.0,21.0,18.0,19.0,23.0,23.0,3.0,5.0,4.0,3.0,5.0,4.0,2.0,5.0,1.0,2.0,8.0,3.0,6.0,4.0,3.0,4.0,4.0,6.0,4.0,4.0
Cell_161,11.0,4.0,12.0,8.0,9.0,10.0,11.0,13.0,8.0,12.0,5.0,4.0,1.0,7.0,8.0,4.0,6.0,6.0,4.0,3.0,4.0,5.0,7.0,3.0,9.0,1.0,3.0,4.0,8.0,9.0,3.0,4.0,6.0,5.0,5.0,3.0,4.0,7.0,7.0,5.0,6.0,5.0,5.0,6.0,9.0,4.0,6.0,8.0,6.0,4.0,5.0,2.0,7.0,3.0,3.0,6.0,8.0,5.0,6.0,7.0,19.0,26.0,23.0,16.0,24.0,20.0,22.0,17.0,32.0,18.0,18.0,13.0,18.0,21.0,17.0,18.0,19.0,22.0,26.0,18.0,8.0,8.0,5.0,5.0,3.0,9.0,4.0,5.0,5.0,0.0,6.0,10.0,5.0,3.0,6.0,8.0,8.0,6.0,4.0,5.0
Cell_162,9.0,10.0,15.0,9.0,17.0,8.0,11.0,7.0,9.0,6.0,7.0,3.0,1.0,8.0,4.0,8.0,5.0,1.0,8.0,4.0,4.0,6.0,7.0,3.0,11.0,11.0,8.0,3.0,5.0,2.0,3.0,8.0,5.0,4.0,7.0,8.0,8.0,4.0,9.0,3.0,5.0,5.0,5.0,1.0,1.0,1.0,6.0,3.0,6.0,5.0,9.0,8.0,3.0,4.0,8.0,12.0,9.0,3.0,8.0,5.0,16.0,14.0,21.0,16.0,22.0,32.0,23.0,19.0,16.0,24.0,27.0,22.0,19.0,23.0,20.0,16.0,21.0,22.0,14.0,16.0,3.0,6.0,1.0,5.0,5.0,5.0,4.0,5.0,4.0,1.0,1.0,3.0,3.0,7.0,4.0,6.0,6.0,7.0,4.0,4.0
Cell_163,11.0,2.0,7.0,6.0,11.0,15.0,13.0,16.0,10.0,10.0,5.0,3.0,5.0,3.0,10.0,5.0,8.0,2.0,3.0,7.0,6.0,4.0,4.0,8.0,7.0,3.0,6.0,2.0,1.0,9.0,4.0,6.0,13.0,5.0,6.0,6.0,5.0,6.0,5.0,5.0,4.0,4.0,1.0,6.0,4.0,3.0,5.0,1.0,9.0,5.0,5.0,4.0,7.0,8.0,5.0,7.0,2.0,6.0,3.0,1.0,15.0,18.0,13.0,15.0,17.0,16.0,16.0,21.0,16.0,27.0,21.0,20.0,20.0,20.0,16.0,16.0,19.0,15.0,17.0,34.0,0.0,5.0,6.0,4.0,3.0,4.0,1.0,6.0,2.0,4.0,3.0,7.0,4.0,4.0,6.0,3.0,6.0,2.0,4.0,4.0
Cell_164,6.0,13.0,7.0,12.0,9.0,8.0,9.0,14.0,7.0,10.0,6.0,4.0,5.0,8.0,4.0,7.0,5.0,5.0,3.0,3.0,5.0,8.0,9.0,4.0,2.0,3.0,3.0,4.0,6.0,6.0,8.0,6.0,7.0,2.0,5.0,4.0,3.0,3.0,1.0,1.0,3.0,10.0,3.0,7.0,9.0,5.0,6.0,3.0,6.0,3.0,6.0,10.0,7.0,6.0,7.0,4.0,9.0,9.0,4.0,3.0,16.0,17.0,14.0,21.0,16.0,28.0,23.0,14.0,13.0,23.0,18.0,21.0,23.0,14.0,17.0,15.0,21.0,21.0,14.0,23.0,6.0,7.0,7.0,9.0,1.0,4.0,1.0,5.0,4.0,5.0,5.0,3.0,5.0,3.0,8.0,6.0,6.0,5.0,6.0,5.0
Cell_165,9.0,5.0,10.0,11.0,10.0,9.0,21.0,20.0,13.0,12.0,3.0,5.0,4.0,4.0,4.0,8.0,5.0,5.0,4.0,1.0,3.0,4.0,12.0,4.0,7.0,4.0,5.0,4.0,1.0,3.0,4.0,8.0,4.0,8.0,4.0,8.0,5.0,4.0,2.0,6.0,9.0,3.0,10.0,5.0,7.0,8.0,5.0,2.0,4.0,6.0,7.0,4.0,7.0,6.0,5.0,3.0,4.0,3.0,8.0,8.0,19.0,16.0,29.0,19.0,13.0,24.0,23.0,13.0,24.0,20.0,24.0,18.0,22.0,18.0,19.0,19.0,22.0,23.0,16.0,19.0,2.0,5.0,5.0,7.0,6.0,2.0,4.0,5.0,5.0,0.0,4.0,2.0,5.0,8.0,8.0,4.0,6.0,5.0,5.0,6.0
Cell_166,5.0,10.0,9.0,20.0,9.0,11.0,10.0,11.0,13.0,10.0,5.0,8.0,7.0,3.0,6.0,4.0,4.0,7.0,4.0,6.0,8.0,7.0,3.0,6.0,6.0,3.0,7.0,3.0,9.0,6.0,4.0,4.0,4.0,5.0,4.0,3.0,11.0,7.0,5.0,6.0,5.0,5.0,6.0,7.0,1.0,6.0,4.0,3.0,8.0,11.0,8.0,5.0,5.0,6.0,4.0,4.0,6.0,6.0,7.0,6.0,21.0,25.0,21.0,20.0,21.0,21.0,19.0,21.0,20.0,22.0,22.0,23.0,34.0,21.0,27.0,21.0,21.0,28.0,20.0,16.0,3.0,3.0,4.0,5.0,6.0,8.0,3.0,8.0,14.0,3.0,6.0,5.0,4.0,5.0,4.0,6.0,4.0,5.0,5.0,3.0
Cell_167,10.0,10.0,9.0,9.0,16.0,11.0,5.0,18.0,12.0,10.0,5.0,3.0,5.0,6.0,4.0,2.0,2.0,4.0,4.0,4.0,4.0,4.0,3.0,10.0,5.0,1.0,2.0,4.0,4.0,4.0,7.0,4.0,5.0,5.0,6.0,5.0,9.0,7.0,4.0,0.0,4.0,2.0,5.0,6.0,3.0,8.0,4.0,7.0,3.0,3.0,4.0,4.0,6.0,3.0,6.0,4.0,4.0,5.0,7.0,8.0,22.0,14.0,14.0,19.0,24.0,20.0,25.0,27.0,15.0,27.0,18.0,15.0,29.0,18.0,26.0,20.0,11.0,16.0,17.0,16.0,3.0,5.0,4.0,8.0,6.0,7.0,2.0,5.0,3.0,4.0,3.0,5.0,6.0,9.0,6.0,5.0,6.0,3.0,6.0,3.0
Cell_168,14.0,13.0,12.0,9.0,9.0,9.0,15.0,12.0,7.0,14.0,4.0,3.0,3.0,7.0,5.0,4.0,6.0,3.0,5.0,4.0,9.0,10.0,7.0,3.0,6.0,6.0,1.0,6.0,8.0,4.0,7.0,4.0,2.0,2.0,4.0,4.0,5.0,6.0,7.0,3.0,6.0,9.0,3.0,4.0,8.0,5.0,5.0,1.0,5.0,4.0,11.0,7.0,4.0,4.0,1.0,11.0,1.0,8.0,0.0,4.0,16.0,26.0,16.0,18.0,27.0,21.0,8.0,19.0,20.0,22.0,10.0,18.0,12.0,12.0,18.0,22.0,22.0,22.0,26.0,18.0,2.0,6.0,8.0,4.0,4.0,1.0,5.0,5.0,5.0,5.0,5.0,6.0,2.0,5.0,3.0,5.0,6.0,5.0,5.0,4.0
Cell_169,17.0,8.0,15.0,13.0,12.0,11.0,7.0,9.0,14.0,10.0,2.0,9.0,5.0,8.0,3.0,4.0,5.0,6.0,4.0,5.0,6.0,9.0,1.0,7.0,6.0,3.0,6.0,5.0,6.0,2.0,6.0,6.0,1.0,8.0,3.0,5.0,2.0,4.0,11.0,6.0,2.0,4.0,4.0,4.0,3.0,3.0,2.0,5.0,7.0,5.0,4.0,5.0,6.0,5.0,8.0,6.0,3.0,3.0,1.0,5.0,22.0,25.0,25.0,22.0,27.0,13.0,12.0,15.0,20.0,27.0,10.0,23.0,22.0,27.0,21.0,26.0,24.0,20.0,21.0,21.0,2.0,7.0,4.0,5.0,7.0,6.0,5.0,10.0,4.0,6.0,7.0,5.0,5.0,2.0,5.0,4.0,4.0,5.0,4.0,9.0
Cell_170,6.0,12.0,4.0,12.0,14.0,13.0,13.0,12.0,9.0,8.0,7.0,1.0,8.0,5.0,3.0,10.0,8.0,5.0,7.0,5.0,8.0,7.0,7.0,10.0,5.0,7.0,7.0,6.0,6.0,8.0,1.0,1.0,6.0,1.0,3.0,6.0,10.0,3.0,4.0,1.0,8.0,3.0,3.0,5.0,6.0,4.0,3.0,8.0,4.0,3.0,5.0,7.0,3.0,5.0,3.0,5.0,4.0,3.0,4.0,6.0,12.0,17.0,20.0,11.0,17.0,19.0,12.0,11.0,29.0,13.0,14.0,16.0,22.0,23.0,18.0,21.0,21.0,13.0,17.0,10.0,1.0,7.0,2.0,8.0,1.0,5.0,6.0,9.0,6.0,8.0,7.0,4.0,3.0,5.0,4.0,6.0,2.0,7.0,5.0,4.0
Cell_171,11.0,12.0,10.0,14.0,12.0,11.0,9.0,10.0,12.0,11.0,8.0,7.0,4.0,8.0,3.0,5.0,6.0,3.0,2.0,6.0,3.0,4.0,3.0,6.0,4.0,8.0,5.0,3.0,3.0,6.0,4.0,4.0,4.0,4.0,8.0,4.0,1.0,8.0,8.0,6.0,4.0,4.0,9.0,5.0,7.0,5.0,4.0,2.0,5.0,3.0,4.0,4.0,4.0,3.0,4.0,4.0,4.0,8.0,2.0,4.0,16.0,22.0,25.0,19.0,17.0,20.0,17.0,29.0,21.0,26.0,24.0,20.0,18.0,11.0,24.0,13.0,14.0,20.0,21.0,20.0,2.0,9.0,8.0,6.0,6.0,6.0,3.0,5.0,7.0,3.0,9.0,7.0,5.0,8.0,3.0,7.0,9.0,4.0,3.0,5.0
Cell_172,12.0,9.0,13.0,12.0,13.0,14.0,10.0,13.0,8.0,5.0,7.0,8.0,5.0,7.0,6.0,3.0,4.0,5.0,6.0,2.0,2.0,2.0,3.0,5.0,5.0,6.0,7.0,5.0,3.0,1.0,5.0,4.0,5.0,3.0,4.0,7.0,3.0,6.0,5.0,8.0,5.0,6.0,8.0,5.0,5.0,6.0,5.0,4.0,5.0,8.0,6.0,6.0,4.0,4.0,5.0,6.0,7.0,6.0,1.0,3.0,14.0,14.0,22.0,18.0,19.0,23.0,21.0,22.0,23.0,24.0,19.0,25.0,23.0,23.0,18.0,14.0,25.0,30.0,17.0,23.0,4.0,2.0,3.0,5.0,6.0,5.0,6.0,6.0,8.0,6.0,3.0,4.0,6.0,5.0,5.0,6.0,5.0,5.0,6.0,9.0
Cell_173,7.0,12.0,14.0,9.0,12.0,11.0,10.0,11.0,7.0,17.0,5.0,5.0,1.0,1.0,3.0,2.0,6.0,4.0,4.0,5.0,2.0,7.0,5.0,5.0,3.0,9.0,2.0,5.0,8.0,8.0,4.0,10.0,3.0,2.0,5.0,12.0,5.0,3.0,9.0,8.0,8.0,2.0,4.0,5.0,7.0,2.0,1.0,2.0,5.0,8.0,5.0,5.0,3.0,4.0,6.0,5.0,5.0,6.0,4.0,6.0,15.0,20.0,18.0,21.0,14.0,21.0,26.0,24.0,18.0,11.0,18.0,20.0,28.0,18.0,19.0,22.0,27.0,25.0,16.0,19.0,5.0,11.0,5.0,4.0,5.0,4.0,6.0,3.0,5.0,6.0,4.0,3.0,5.0,5.0,2.0,4.0,7.0,5.0,0.0,5.0
Cell_174,7.0,17.0,8.0,13.0,13.0,11.0,13.0,10.0,6.0,13.0,4.0,7.0,3.0,5.0,4.0,4.0,5.0,6.0,6.0,3.0,1.0,8.0,8.0,12.0,5.0,1.0,2.0,5.0,6.0,3.0,3.0,8.0,8.0,5.0,7.0,6.0,9.0,3.0,3.0,4.0,3.0,3.0,7.0,8.0,5.0,7.0,4.0,6.0,2.0,4.0,4.0,8.0,4.0,3.0,6.0,3.0,5.0,6.0,4.0,6.0,24.0,17.0,18.0,19.0,29.0,34.0,20.0,9.0,23.0,21.0,22.0,19.0,13.0,14.0,15.0,21.0,19.0,23.0,19.0,17.0,6.0,4.0,8.0,11.0,7.0,7.0,7.0,5.0,9.0,2.0,8.0,4.0,8.0,6.0,6.0,4.0,5.0,2.0,4.0,7.0
Cell_175,5.0,9.0,13.0,10.0,9.0,9.0,13.0,6.0,16.0,7.0,6.0,1.0,9.0,5.0,5.0,6.0,6.0,5.0,7.0,3.0,7.0,7.0,4.0,3.0,3.0,6.0,11.0,2.0,3.0,8.0,5.0,4.0,5.0,7.0,4.0,4.0,6.0,9.0,9.0,2.0,5.0,6.0,7.0,7.0,1.0,5.0,5.0,9.0,3.0,3.0,5.0,2.0,4.0,6.0,4.0,7.0,1.0,1.0,1.0,4.0,18.0,17.0,20.0,17.0,27.0,22.0,20.0,17.0,24.0,22.0,25.0,16.0,18.0,28.0,19.0,19.0,25.0,26.0,21.0,34.0,6.0,5.0,8.0,3.0,2.0,5.0,10.0,8.0,10.0,7.0,7.0,6.0,7.0,9.0,8.0,3.0,5.0,6.0,6.0,6.0
Cell_176,10.0,10.0,11.0,17.0,9.0,13.0,5.0,8.0,10.0,10.0,3.0,7.0,3.0,8.0,6.0,4.0,10.0,3.0,6.0,11.0,5.0,8.0,3.0,6.0,4.0,4.0,3.0,2.0,9.0,6.0,4.0,5.0,5.0,5.0,3.0,5.0,4.0,2.0,6.0,6.0,3.0,8.0,4.0,6.0,9.0,2.0,6.0,5.0,6.0,4.0,6.0,5.0,7.0,7.0,2.0,7.0,6.0,4.0,3.0,3.0,13.0,19.0,22.0,18.0,24.0,18.0,15.0,26.0,20.0,19.0,21.0,17.0,20.0,21.0,22.0,16.0,16.0,11.0,17.0,17.0,4.0,6.0,4.0,3.0,4.0,3.0,2.0,5.0,3.0,4.0,3.0,9.0,3.0,7.0,5.0,9.0,3.0,3.0,5.0,0.0
Cell_177,17.0,12.0,8.0,12.0,12.0,7.0,11.0,14.0,7.0,26.0,7.0,4.0,6.0,4.0,6.0,2.0,2.0,7.0,7.0,2.0,5.0,5.0,4.0,4.0,4.0,6.0,13.0,4.0,3.0,4.0,6.0,0.0,4.0,13.0,4.0,6.0,6.0,3.0,5.0,3.0,6.0,2.0,8.0,6.0,6.0,8.0,5.0,9.0,3.0,6.0,9.0,2.0,6.0,7.0,2.0,4.0,7.0,5.0,7.0,2.0,24.0,21.0,23.0,16.0,15.0,19.0,16.0,17.0,15.0,21.0,20.0,21.0,22.0,17.0,23.0,21.0,19.0,12.0,18.0,21.0,2.0,3.0,5.0,7.0,5.0,5.0,3.0,8.0,11.0,0.0,5.0,7.0,7.0,6.0,6.0,5.0,2.0,4.0,2.0,6.0
Cell_178,23.0,7.0,19.0,16.0,10.0,3.0,6.0,12.0,6.0,12.0,6.0,6.0,6.0,7.0,4.0,7.0,5.0,2.0,8.0,9.0,8.0,5.0,6.0,3.0,2.0,5.0,8.0,4.0,7.0,5.0,7.0,4.0,5.0,5.0,2.0,2.0,3.0,0.0,7.0,6.0,3.0,5.0,5.0,8.0,7.0,3.0,4.0,5.0,4.0,5.0,5.0,2.0,6.0,3.0,2.0,5.0,4.0,8.0,3.0,6.0,25.0,15.0,19.0,19.0,13.0,25.0,21.0,20.0,21.0,21.0,12.0,25.0,17.0,13.0,21.0,16.0,22.0,12.0,21.0,13.0,4.0,8.0,6.0,6.0,5.0,4.0,7.0,5.0,3.0,7.0,6.0,5.0,7.0,7.0,2.0,5.0,6.0,5.0,4.0,2.0
Cell_179,5.0,13.0,18.0,8.0,17.0,13.0,13.0,19.0,10.0,8.0,3.0,8.0,2.0,3.0,5.0,10.0,7.0,2.0,5.0,1.0,6.0,9.0,7.0,8.0,3.0,6.0,6.0,4.0,8.0,4.0,9.0,2.0,3.0,3.0,7.0,7.0,8.0,3.0,6.0,4.0,7.0,5.0,8.0,4.0,4.0,6.0,6.0,5.0,5.0,1.0,4.0,2.0,4.0,7.0,5.0,5.0,5.0,1.0,5.0,4.0,21.0,14.0,18.0,22.0,23.0,18.0,15.0,18.0,18.0,25.0,20.0,21.0,22.0,16.0,20.0,15.0,25.0,27.0,28.0,18.0,1.0,3.0,9.0,3.0,9.0,4.0,12.0,8.0,2.0,8.0,3.0,5.0,2.0,6.0,6.0,10.0,9.0,4.0,7.0,2.0
Cell_180,8.0,13.0,9.0,15.0,8.0,12.0,12.0,5.0,13.0,12.0,7.0,9.0,5.0,8.0,4.0,3.0,5.0,1.0,8.0,3.0,3.0,5.0,3.0,3.0,5.0,9.0,6.0,8.0,5.0,3.0,7.0,2.0,10.0,4.0,3.0,2.0,6.0,4.0,6.0,7.0,5.0,6.0,4.0,6.0,3.0,6.0,6.0,6.0,6.0,4.0,5.0,6.0,6.0,6.0,7.0,3.0,4.0,5.0,10.0,6.0,18.0,15.0,18.0,9.0,15.0,19.0,20.0,25.0,25.0,16.0,23.0,24.0,22.0,22.0,17.0,26.0,18.0,12.0,16.0,17.0,5.0,6.0,7.0,1.0,5.0,3.0,6.0,4.0,2.0,6.0,4.0,5.0,6.0,1.0,3.0,7.0,5.0,6.0,6.0,5.0
Cell_181,11.0,15.0,14.0,14.0,10.0,14.0,16.0,12.0,16.0,12.0,3.0,9.0,8.0,7.0,4.0,8.0,6.0,8.0,7.0,4.0,2.0,6.0,9.0,7.0,6.0,10.0,5.0,6.0,6.0,1.0,4.0,4.0,7.0,5.0,5.0,2.0,6.0,6.0,8.0,5.0,5.0,4.0,6.0,8.0,3.0,2.0,3.0,5.0,5.0,5.0,7.0,4.0,4.0,7.0,2.0,3.0,5.0,7.0,6.0,4.0,12.0,21.0,17.0,14.0,21.0,23.0,19.0,25.0,18.0,18.0,22.0,11.0,27.0,14.0,26.0,19.0,13.0,18.0,19.0,17.0,7.0,8.0,5.0,4.0,3.0,8.0,5.0,5.0,12.0,7.0,2.0,8.0,6.0,5.0,9.0,5.0,6.0,8.0,3.0,6.0
Cell_182,9.0,14.0,9.0,11.0,10.0,12.0,10.0,15.0,10.0,13.0,4.0,7.0,6.0,6.0,5.0,2.0,2.0,7.0,8.0,3.0,6.0,5.0,8.0,5.0,3.0,3.0,3.0,5.0,3.0,8.0,4.0,6.0,3.0,5.0,4.0,7.0,4.0,1.0,2.0,7.0,6.0,4.0,4.0,2.0,6.0,3.0,5.0,5.0,6.0,5.0,3.0,2.0,4.0,5.0,6.0,7.0,8.0,2.0,0.0,3.0,26.0,18.0,28.0,17.0,22.0,17.0,12.0,14.0,17.0,18.0,15.0,20.0,22.0,18.0,26.0,16.0,14.0,13.0,23.0,16.0,2.0,2.0,2.0,3.0,5.0,6.0,5.0,0.0,4.0,6.0,3.0,2.0,6.0,6.0,9.0,6.0,3.0,5.0,5.0,4.0
Cell_183,16.0,12.0,10.0,12.0,10.0,13.0,9.0,22.0,14.0,7.0,4.0,13.0,7.0,3.0,6.0,2.0,5.0,4.0,6.0,3.0,2.0,4.0,5.0,6.0,4.0,4.0,2.0,6.0,6.0,5.0,6.0,4.0,5.0,6.0,6.0,2.0,6.0,5.0,8.0,3.0,6.0,4.0,2.0,5.0,5.0,6.0,5.0,2.0,2.0,4.0,1.0,6.0,2.0,4.0,5.0,1.0,7.0,2.0,3.0,5.0,29.0,17.0,21.0,20.0,14.0,19.0,24.0,21.0,19.0,19.0,23.0,18.0,17.0,21.0,16.0,23.0,23.0,15.0,11.0,18.0,2.0,2.0,3.0,5.0,6.0,7.0,7.0,6.0,2.0,6.0,6.0,5.0,6.0,3.0,10.0,4.0,11.0,5.0,2.0,7.0
Cell_184,14.0,10.0,11.0,10.0,14.0,14.0,7.0,9.0,10.0,11.0,5.0,7.0,8.0,5.0,3.0,7.0,5.0,5.0,5.0,4.0,9.0,6.0,5.0,8.0,4.0,6.0,2.0,4.0,4.0,1.0,5.0,7.0,5.0,4.0,7.0,5.0,9.0,4.0,8.0,2.0,1.0,5.0,2.0,1.0,7.0,6.0,2.0,5.0,6.0,9.0,2.0,3.0,8.0,9.0,8.0,4.0,2.0,7.0,7.0,10.0,30.0,19.0,21.0,20.0,17.0,21.0,17.0,23.0,26.0,25.0,19.0,20.0,16.0,24.0,22.0,25.0,21.0,17.0,17.0,17.0,4.0,5.0,4.0,8.0,8.0,3.0,7.0,3.0,3.0,6.0,5.0,9.0,5.0,8.0,5.0,4.0,7.0,5.0,7.0,2.0
Cell_185,6.0,17.0,7.0,11.0,10.0,10.0,17.0,13.0,8.0,15.0,3.0,3.0,6.0,7.0,4.0,6.0,7.0,3.0,3.0,9.0,7.0,4.0,6.0,4.0,2.0,2.0,3.0,9.0,8.0,6.0,7.0,3.0,4.0,8.0,7.0,9.0,6.0,6.0,7.0,1.0,3.0,5.0,7.0,5.0,1.0,7.0,2.0,5.0,5.0,6.0,3.0,11.0,2.0,4.0,5.0,5.0,6.0,4.0,7.0,6.0,24.0,23.0,20.0,19.0,19.0,19.0,20.0,17.0,21.0,27.0,22.0,24.0,24.0,22.0,24.0,17.0,22.0,14.0,18.0,18.0,5.0,3.0,5.0,7.0,7.0,4.0,9.0,2.0,2.0,4.0,1.0,9.0,2.0,3.0,6.0,2.0,7.0,3.0,5.0,6.0
Cell_186,7.0,10.0,13.0,15.0,10.0,17.0,10.0,12.0,13.0,13.0,2.0,0.0,5.0,5.0,5.0,2.0,3.0,3.0,7.0,0.0,5.0,7.0,5.0,2.0,3.0,4.0,5.0,6.0,9.0,3.0,7.0,4.0,5.0,7.0,6.0,6.0,4.0,4.0,1.0,5.0,4.0,4.0,6.0,4.0,7.0,6.0,8.0,7.0,7.0,1.0,6.0,4.0,5.0,6.0,4.0,3.0,6.0,3.0,3.0,4.0,12.0,19.0,19.0,19.0,15.0,22.0,21.0,17.0,19.0,18.0,20.0,15.0,22.0,21.0,15.0,18.0,22.0,21.0,12.0,21.0,2.0,6.0,10.0,5.0,9.0,5.0,5.0,8.0,8.0,6.0,5.0,3.0,5.0,3.0,3.0,4.0,4.0,7.0,4.0,8.0
Cell_187,10.0,14.0,12.0,14.0,14.0,13.0,9.0,12.0,14.0,11.0,4.0,3.0,5.0,1.0,4.0,7.0,6.0,3.0,8.0,5.0,5.0,1.0,4.0,2.0,6.0,6.0,5.0,6.0,5.0,7.0,4.0,6.0,6.0,2.0,6.0,2.0,4.0,1.0,6.0,7.0,5.0,5.0,4.0,6.0,2.0,5.0,4.0,4.0,7.0,6.0,5.0,8.0,4.0,6.0,6.0,7.0,1.0,5.0,7.0,6.0,21.0,19.0,16.0,24.0,12.0,21.0,20.0,23.0,11.0,25.0,24.0,23.0,20.0,15.0,15.0,21.0,16.0,24.0,7.0,28.0,9.0,2.0,2.0,4.0,1.0,5.0,5.0,2.0,3.0,6.0,5.0,4.0,8.0,6.0,6.0,4.0,3.0,6.0,3.0,4.0
Cell_188,7.0,10.0,9.0,7.0,13.0,10.0,12.0,12.0,14.0,11.0,2.0,6.0,6.0,3.0,6.0,7.0,5.0,7.0,6.0,3.0,2.0,2.0,9.0,6.0,1.0,7.0,9.0,4.0,1.0,5.0,8.0,10.0,4.0,7.0,2.0,3.0,3.0,7.0,5.0,6.0,6.0,6.0,4.0,7.0,10.0,2.0,4.0,4.0,3.0,7.0,6.0,5.0,6.0,1.0,6.0,3.0,10.0,4.0,8.0,8.0,29.0,23.0,24.0,13.0,22.0,23.0,22.0,21.0,25.0,21.0,18.0,21.0,17.0,17.0,17.0,11.0,18.0,31.0,19.0,23.0,4.0,3.0,5.0,2.0,6.0,3.0,5.0,9.0,2.0,4.0,4.0,4.0,1.0,1.0,3.0,6.0,6.0,5.0,5.0,4.0
Cell_189,10.0,9.0,11.0,10.0,10.0,11.0,11.0,8.0,16.0,15.0,8.0,4.0,4.0,6.0,5.0,1.0,3.0,6.0,3.0,4.0,4.0,7.0,6.0,9.0,2.0,5.0,8.0,3.0,5.0,9.0,10.0,5.0,4.0,5.0,6.0,4.0,4.0,12.0,5.0,6.0,6.0,2.0,7.0,3.0,3.0,5.0,0.0,7.0,2.0,7.0,2.0,5.0,5.0,2.0,5.0,5.0,5.0,7.0,11.0,3.0,31.0,27.0,20.0,19.0,10.0,20.0,20.0,25.0,22.0,12.0,23.0,21.0,16.0,30.0,22.0,22.0,13.0,31.0,23.0,22.0,6.0,3.0,10.0,5.0,5.0,2.0,5.0,2.0,4.0,6.0,6.0,8.0,3.0,5.0,4.0,6.0,9.0,3.0,2.0,3.0
Cell_190,11.0,12.0,11.0,7.0,12.0,7.0,7.0,9.0,12.0,13.0,7.0,4.0,3.0,4.0,7.0,7.0,4.0,7.0,8.0,1.0,7.0,2.0,3.0,3.0,8.0,3.0,6.0,2.0,8.0,5.0,5.0,7.0,6.0,4.0,6.0,7.0,4.0,2.0,7.0,3.0,10.0,3.0,4.0,2.0,4.0,3.0,4.0,3.0,7.0,6.0,4.0,7.0,3.0,2.0,6.0,5.0,7.0,4.0,6.0,4.0,19.0,18.0,19.0,15.0,21.0,21.0,20.0,23.0,25.0,29.0,23.0,16.0,19.0,17.0,21.0,20.0,20.0,19.0,12.0,17.0,3.0,2.0,1.0,8.0,3.0,4.0,6.0,4.0,4.0,3.0,9.0,6.0,4.0,3.0,5.0,1.0,6.0,7.0,5.0,5.0
Cell_191,9.0,15.0,12.0,12.0,8.0,11.0,12.0,11.0,16.0,11.0,9.0,3.0,4.0,3.0,4.0,4.0,3.0,2.0,3.0,4.0,5.0,5.0,4.0,3.0,2.0,3.0,4.0,6.0,7.0,5.0,5.0,5.0,6.0,2.0,5.0,5.0,5.0,6.0,8.0,2.0,2.0,6.0,3.0,5.0,5.0,2.0,2.0,5.0,6.0,4.0,3.0,7.0,2.0,6.0,8.0,8.0,3.0,4.0,6.0,3.0,16.0,23.0,28.0,27.0,23.0,22.0,24.0,25.0,18.0,17.0,18.0,18.0,15.0,21.0,18.0,20.0,26.0,27.0,11.0,11.0,9.0,5.0,5.0,1.0,4.0,11.0,9.0,3.0,10.0,6.0,6.0,3.0,9.0,5.0,10.0,1.0,5.0,7.0,3.0,4.0
Cell_192,3.0,14.0,12.0,8.0,17.0,19.0,5.0,10.0,12.0,11.0,1.0,6.0,5.0,4.0,3.0,8.0,4.0,4.0,3.0,6.0,5.0,4.0,6.0,4.0,4.0,6.0,7.0,4.0,8.0,8.0,6.0,6.0,4.0,3.0,7.0,2.0,4.0,2.0,4.0,7.0,6.0,4.0,5.0,6.0,8.0,7.0,5.0,2.0,6.0,7.0,5.0,9.0,2.0,1.0,3.0,2.0,3.0,8.0,7.0,1.0,18.0,22.0,15.0,20.0,21.0,15.0,18.0,16.0,25.0,29.0,15.0,14.0,17.0,23.0,21.0,32.0,20.0,22.0,16.0,22.0,5.0,2.0,8.0,6.0,4.0,4.0,9.0,4.0,1.0,5.0,6.0,11.0,5.0,7.0,3.0,6.0,5.0,5.0,3.0,8.0
Cell_193,15.0,6.0,12.0,7.0,6.0,12.0,9.0,12.0,12.0,11.0,8.0,4.0,4.0,4.0,10.0,2.0,2.0,4.0,3.0,7.0,5.0,8.0,4.0,2.0,6.0,2.0,7.0,3.0,5.0,5.0,5.0,4.0,2.0,7.0,5.0,4.0,5.0,7.0,3.0,4.0,3.0,10.0,10.0,3.0,8.0,2.0,6.0,5.0,5.0,6.0,7.0,2.0,5.0,7.0,4.0,4.0,3.0,4.0,6.0,5.0,37.0,16.0,29.0,20.0,20.0,16.0,24.0,24.0,25.0,18.0,15.0,16.0,21.0,23.0,21.0,15.0,20.0,29.0,22.0,29.0,3.0,9.0,2.0,6.0,5.0,6.0,0.0,7.0,6.0,3.0,3.0,2.0,0.0,6.0,3.0,4.0,5.0,4.0,4.0,9.0
Cell_194,12.0,13.0,4.0,12.0,12.0,6.0,7.0,11.0,8.0,17.0,10.0,3.0,5.0,7.0,4.0,5.0,8.0,6.0,4.0,6.0,3.0,4.0,4.0,11.0,1.0,4.0,11.0,6.0,4.0,6.0,2.0,6.0,6.0,5.0,7.0,6.0,6.0,5.0,4.0,7.0,6.0,6.0,8.0,5.0,3.0,4.0,2.0,3.0,8.0,4.0,7.0,7.0,2.0,9.0,3.0,5.0,7.0,9.0,4.0,10.0,16.0,25.0,23.0,19.0,22.0,24.0,19.0,21.0,17.0,21.0,26.0,27.0,27.0,22.0,19.0,17.0,21.0,27.0,29.0,32.0,4.0,2.0,6.0,3.0,4.0,3.0,6.0,8.0,6.0,2.0,5.0,4.0,4.0,5.0,4.0,4.0,7.0,3.0,4.0,6.0
Cell_195,13.0,7.0,12.0,8.0,9.0,10.0,6.0,12.0,12.0,10.0,10.0,3.0,3.0,2.0,2.0,4.0,5.0,5.0,4.0,4.0,5.0,2.0,4.0,5.0,5.0,7.0,4.0,4.0,7.0,7.0,10.0,0.0,5.0,9.0,3.0,3.0,6.0,1.0,1.0,7.0,4.0,3.0,7.0,3.0,6.0,14.0,5.0,6.0,4.0,3.0,6.0,5.0,8.0,4.0,5.0,5.0,9.0,1.0,4.0,6.0,16.0,21.0,21.0,19.0,17.0,23.0,11.0,18.0,21.0,26.0,16.0,24.0,24.0,15.0,17.0,30.0,17.0,16.0,24.0,21.0,6.0,7.0,4.0,2.0,5.0,5.0,4.0,6.0,4.0,4.0,3.0,2.0,5.0,3.0,5.0,5.0,8.0,2.0,10.0,8.0
Cell_196,11.0,11.0,12.0,18.0,7.0,14.0,10.0,12.0,9.0,7.0,7.0,7.0,6.0,13.0,9.0,6.0,4.0,6.0,4.0,4.0,3.0,1.0,3.0,6.0,1.0,7.0,5.0,5.0,4.0,1.0,6.0,5.0,2.0,3.0,4.0,1.0,8.0,5.0,2.0,4.0,4.0,3.0,4.0,5.0,7.0,4.0,7.0,6.0,4.0,10.0,3.0,4.0,5.0,10.0,5.0,1.0,3.0,9.0,4.0,11.0,27.0,25.0,17.0,18.0,18.0,13.0,21.0,24.0,19.0,16.0,17.0,16.0,24.0,20.0,17.0,18.0,25.0,19.0,25.0,12.0,8.0,1.0,2.0,8.0,4.0,8.0,5.0,11.0,3.0,6.0,4.0,4.0,7.0,6.0,6.0,5.0,3.0,5.0,3.0,6.0
Cell_197,7.0,12.0,13.0,11.0,13.0,16.0,9.0,9.0,17.0,13.0,6.0,7.0,5.0,4.0,2.0,5.0,5.0,5.0,9.0,4.0,3.0,4.0,1.0,5.0,4.0,5.0,2.0,1.0,6.0,3.0,7.0,5.0,5.0,6.0,5.0,4.0,3.0,5.0,5.0,2.0,2.0,6.0,8.0,5.0,3.0,2.0,9.0,3.0,5.0,6.0,4.0,2.0,4.0,4.0,8.0,8.0,8.0,4.0,7.0,3.0,22.0,15.0,20.0,23.0,27.0,12.0,10.0,21.0,12.0,19.0,14.0,26.0,17.0,30.0,18.0,17.0,22.0,18.0,29.0,23.0,6.0,5.0,9.0,5.0,5.0,7.0,5.0,4.0,2.0,3.0,3.0,3.0,5.0,3.0,4.0,3.0,4.0,3.0,6.0,5.0
Cell_198,13.0,11.0,15.0,10.0,12.0,11.0,8.0,6.0,4.0,9.0,5.0,2.0,8.0,11.0,8.0,8.0,5.0,6.0,6.0,10.0,6.0,6.0,3.0,2.0,3.0,6.0,13.0,2.0,3.0,8.0,10.0,2.0,2.0,5.0,9.0,6.0,4.0,8.0,2.0,7.0,7.0,5.0,2.0,3.0,6.0,4.0,7.0,3.0,3.0,4.0,7.0,4.0,4.0,4.0,4.0,7.0,1.0,7.0,5.0,6.0,12.0,23.0,18.0,23.0,21.0,24.0,20.0,20.0,20.0,18.0,16.0,23.0,19.0,17.0,15.0,35.0,26.0,24.0,20.0,25.0,10.0,6.0,3.0,2.0,3.0,7.0,1.0,5.0,3.0,7.0,2.0,10.0,2.0,4.0,7.0,4.0,9.0,6.0,7.0,2.0
Cell_199,9.0,8.0,15.0,10.0,5.0,11.0,11.0,13.0,9.0,11.0,4.0,3.0,3.0,7.0,8.0,2.0,3.0,5.0,3.0,4.0,3.0,5.0,5.0,1.0,7.0,6.0,4.0,5.0,4.0,7.0,4.0,8.0,8.0,5.0,6.0,3.0,6.0,5.0,3.0,3.0,7.0,5.0,9.0,6.0,3.0,8.0,3.0,4.0,6.0,8.0,7.0,4.0,1.0,4.0,5.0,7.0,6.0,3.0,4.0,7.0,17.0,17.0,18.0,29.0,22.0,16.0,23.0,9.0,18.0,15.0,19.0,18.0,22.0,18.0,20.0,28.0,12.0,26.0,17.0,20.0,1.0,7.0,6.0,4.0,6.0,6.0,5.0,8.0,3.0,6.0,6.0,3.0,5.0,6.0,10.0,3.0,5.0,8.0,5.0,8.0
Cell_200,12.0,12.0,16.0,10.0,19.0,10.0,7.0,8.0,10.0,12.0,8.0,3.0,7.0,3.0,4.0,5.0,6.0,4.0,4.0,3.0,4.0,5.0,3.0,3.0,7.0,3.0,6.0,5.0,3.0,5.0,8.0,4.0,8.0,4.0,5.0,5.0,6.0,9.0,7.0,6.0,3.0,12.0,4.0,7.0,4.0,10.0,2.0,5.0,6.0,5.0,4.0,4.0,11.0,5.0,6.0,2.0,3.0,3.0,5.0,5.0,20.0,20.0,22.0,19.0,17.0,22.0,16.0,24.0,13.0,31.0,16.0,14.0,15.0,14.0,18.0,21.0,25.0,19.0,30.0,22.0,4.0,5.0,6.0,7.0,3.0,7.0,5.0,5.0,5.0,5.0,4.0,7.0,3.0,7.0,6.0,6.0,8.0,6.0,3.0,2.0
