cell_id,cell_type,umap_1,umap_2,n_genes_expressed,total_counts
Cell_0001,T_cells,1.1889249085928357,2.0876137170966462,86,599
Cell_0002,T_cells,1.1477790764224411,1.5221024185879455,99,655
Cell_0003,T_cells,1.1627851120563761,2.3752646851331125,88,572
Cell_0004,T_cells,2.3187340907985594,0.928250559546125,86,663
Cell_0005,T_cells,3.6248383954643932,1.718801552916783,108,622
Cell_0006,T_cells,1.9014261221333888,1.5877063351102545,88,631
Cell_0007,T_cells,0.7244579048500019,1.9966084511762607,119,677
Cell_0008,T_cells,1.8168161384457693,1.0881275182623922,92,599
Cell_0009,T_cells,2.7247100582811035,1.418164026877459,101,668
Cell_0010,T_cells,0.4522026861182895,2.5874993182866253,99,712
Cell_0011,T_cells,2.091887160160472,2.154335613592794,93,600
Cell_0012,T_cells,0.7657728360096328,1.467598147565893,100,609
Cell_0013,T_cells,2.8479575664853383,2.800695211426322,83,602
Cell_0014,T_cells,1.53531463474606,1.4310394209884447,88,646
Cell_0015,T_cells,2.822259490292348,3.2994464397282623,100,664
Cell_0016,T_cells,3.1057762519418963,2.002386229961552,93,623
Cell_0017,T_cells,1.4901225537042122,3.0513702019554216,88,588
Cell_0018,T_cells,1.6039717752020886,1.7675606081168054,104,635
Cell_0019,T_cells,2.564077327193359,2.536610029201374,109,661
Cell_0020,T_cells,1.3821265005806813,1.6854005234355587,107,645
Cell_0021,T_cells,2.4037245391290494,2.5101782373106447,102,680
Cell_0022,T_cells,2.9217850065186832,1.8510480997481376,108,731
Cell_0023,T_cells,2.603128904675476,2.2136046205648694,92,559
Cell_0024,T_cells,2.079543089268257,1.0603213134767129,87,684
Cell_0025,T_cells,1.62051522943873,1.197636708811786,97,617
Cell_0026,T_cells,3.109456800439748,5.728490898054745,92,609
Cell_0027,T_cells,2.316157460331254,1.9463649361104398,110,598
Cell_0028,T_cells,3.1632572777087127,2.5159023577106447,90,596
Cell_0029,T_cells,1.4730914356735076,1.7622179994273406,102,681
Cell_0030,T_cells,2.6977843294904087,2.7801968297087924,95,597
Cell_0031,T_cells,1.7875016934161754,2.053067066768735,94,599
Cell_0032,T_cells,1.5901362130018097,3.1024784203966798,104,692
Cell_0033,T_cells,2.0554561073128537,2.916934780640019,98,573
Cell_0034,T_cells,1.9104557323455547,2.4434438902973996,93,642
Cell_0035,T_cells,2.7309612348787975,1.363596541465038,83,586
Cell_0036,T_cells,1.229452269032512,1.2577624532737262,99,582
Cell_0037,T_cells,2.1934066920428106,1.1126602986722638,102,628
Cell_0038,T_cells,3.472194909211962,2.2849419094853514,101,729
Cell_0039,T_cells,1.5707458790131337,1.8337907296833675,89,634
Cell_0040,T_cells,2.1871972505892607,3.2864657054024313,87,611
Cell_0041,T_cells,3.1307517841802035,0.9544268810166596,86,627
Cell_0042,T_cells,1.5334867639948246,1.7294788255765534,95,639
Cell_0043,T_cells,3.2145554087468655,2.2921857920243527,92,648
Cell_0044,T_cells,2.5243282892464465,2.188230232866745,94,627
Cell_0045,T_cells,2.6151461984118693,1.6233412309025734,88,647
Cell_0046,T_cells,0.6415483873761265,1.9601218897282715,101,633
Cell_0047,T_cells,0.319537535257012,1.6314411850631734,100,602
Cell_0048,T_cells,1.6575286901575093,2.819182520306308,93,637
Cell_0049,T_cells,3.611800001604011,2.1657350499848187,105,629
Cell_0050,T_cells,2.2759808066229907,1.847831077251703,98,602
Cell_0051,T_cells,2.4262614148314614,1.3571455131927639,92,638
Cell_0052,T_cells,3.244464839725081,2.6192657463584683,97,584
Cell_0053,T_cells,0.8008485464130939,2.889696886509634,83,583
Cell_0054,T_cells,2.6992298077637744,2.2025003110551116,91,651
Cell_0055,T_cells,2.173866863395234,2.512312741825647,97,619
Cell_0056,T_cells,2.5358640080830996,1.8588185919963593,91,636
Cell_0057,T_cells,0.9930701287131407,1.8424009286395506,103,609
Cell_0058,T_cells,2.8112827012429356,2.7091571494263755,102,602
Cell_0059,T_cells,1.9950083637457507,2.374052512041133,101,619
Cell_0060,T_cells,2.7778851737491506,2.4218433323346273,90,637
Cell_0061,T_cells,0.08996343408492313,1.888980009045994,100,645
Cell_0062,T_cells,0.09703696385463223,1.7909644708918457,86,673
Cell_0063,T_cells,2.5570111348677607,1.763752987125971,108,683
Cell_0064,T_cells,2.82629019413792,1.083334374815216,87,559
Cell_0065,T_cells,1.756801939697262,1.8699515753186073,98,654
Cell_0066,T_cells,2.213059185363403,1.2070953515193477,112,671
Cell_0067,T_cells,2.5588175313389625,2.9919493461385818,97,614
Cell_0068,T_cells,3.426748417715319,2.2599313202538207,92,564
Cell_0069,T_cells,2.0998835471692057,1.912392998067796,117,650
Cell_0070,T_cells,2.319160093557741,2.1942115579052532,94,578
Cell_0071,T_cells,1.595306382696367,2.4745505477553422,104,695
Cell_0072,T_cells,2.188915461484245,2.8997833653467104,101,656
Cell_0073,T_cells,2.1825612968265684,2.005431218771801,95,676
Cell_0074,T_cells,1.4000350993799966,0.33377652955340054,104,617
Cell_0075,T_cells,3.469359490564787,3.6604095766410714,81,519
Cell_0076,T_cells,1.350407535694631,1.8995588439220379,111,615
Cell_0077,T_cells,2.3194203148307784,3.409984527329108,95,656
Cell_0078,T_cells,2.271245946091549,1.8641605603670492,95,574
Cell_0079,T_cells,2.2245238630258832,1.071854755578932,99,612
Cell_0080,T_cells,0.6686635972302364,2.9200510344828556,100,616
Cell_0081,T_cells,3.3548708193652725,2.051024603559589,102,637
Cell_0082,T_cells,1.9168702445697638,1.8365388324070877,93,567
Cell_0083,T_cells,1.3250970814550134,2.2006869077080253,103,587
Cell_0084,T_cells,2.074682757505574,2.4849905391731397,104,643
Cell_0085,T_cells,2.2268390927274457,0.9993620900837792,91,606
Cell_0086,T_cells,3.1114522603972787,1.5684082848425391,88,608
Cell_0087,T_cells,1.4885561101028335,1.4532119489094546,97,680
Cell_0088,T_cells,2.9200749097423437,2.0900210063724125,80,635
Cell_0089,T_cells,2.1340065501600707,3.0232019352474735,108,642
Cell_0090,T_cells,2.754327381123868,0.53095646069541,97,621
Cell_0091,T_cells,1.0905255307004262,2.428625915468875,91,550
Cell_0092,T_cells,1.9472310056824749,1.5902837043841063,89,617
Cell_0093,T_cells,2.8931878599947405,2.9669799790729376,96,641
Cell_0094,T_cells,1.262916200582294,2.781383256802969,91,607
Cell_0095,T_cells,1.5849549271039758,2.93295355182338,104,605
Cell_0096,T_cells,3.650201898452409,2.7694374563473536,96,625
Cell_0097,T_cells,1.2399806419666062,2.1851618854528234,98,662
Cell_0098,T_cells,3.951565280050768,2.472756530018099,95,588
Cell_0099,T_cells,2.337495034085199,1.134984610791112,88,628
Cell_0100,T_cells,1.5980626890125884,2.165121448599512,82,575
Cell_0101,T_cells,2.2781726017389965,1.0942155074288813,98,590
Cell_0102,T_cells,1.9184417129603906,2.3118443253844587,90,626
Cell_0103,T_cells,1.1800160978105798,3.034183873913191,97,668
Cell_0104,T_cells,2.256100636653683,2.870964060749671,95,672
Cell_0105,T_cells,2.278501827252433,2.2939599137040587,105,590
Cell_0106,T_cells,2.1392285371988935,3.8554097312466586,99,605
Cell_0107,T_cells,2.235312112690399,1.3620585560235874,104,634
Cell_0108,T_cells,2.13635599733822,2.636080268882785,102,708
Cell_0109,T_cells,1.2500658563404343,2.825456727210181,88,619
Cell_0110,T_cells,1.1635648370512066,1.5492306734310481,85,624
Cell_0111,T_cells,0.7869233144221428,1.4958638836254283,97,641
Cell_0112,T_cells,2.049136790206981,2.517343604968394,86,649
Cell_0113,T_cells,2.5731944189180465,2.0341211806025568,91,625
Cell_0114,T_cells,2.9054480025452563,2.0258967915654265,92,576
Cell_0115,T_cells,0.590354298542078,2.2423138267658502,95,638
Cell_0116,T_cells,1.9683408057401839,1.2720968133865431,85,571
Cell_0117,T_cells,1.7023879315004902,1.8672129130243316,93,636
Cell_0118,T_cells,1.724745502304966,1.8794068130335748,102,595
Cell_0119,T_cells,1.8328864315747437,2.71467855268791,101,679
Cell_0120,T_cells,2.736228741404938,2.4229842902935,95,585
Cell_0121,T_cells,0.8065092101632929,0.45861588627919114,100,599
Cell_0122,T_cells,-0.6030088239693194,0.27860106924652706,110,640
Cell_0123,T_cells,2.2584040475093348,3.315550148515392,95,597
Cell_0124,T_cells,1.3622818329786024,2.3330061506009043,95,599
Cell_0125,T_cells,0.7405874096849088,2.3165295945922324,110,623
Cell_0126,T_cells,2.6795254540443065,2.335043355886418,103,683
Cell_0127,T_cells,3.0444773547215602,1.9308883078975707,87,544
Cell_0128,T_cells,1.929470145221827,0.9221114474056666,99,666
Cell_0129,T_cells,2.1418315405923933,2.816817756030758,96,578
Cell_0130,T_cells,2.355708898563242,2.7339089586851935,97,558
Cell_0131,T_cells,2.85477806879643,2.9148396480620375,101,614
Cell_0132,T_cells,2.1853791071907396,2.514536893189695,90,551
Cell_0133,T_cells,2.2998800824765713,1.655614946719359,115,656
Cell_0134,T_cells,2.897910584032867,1.0084515267958682,118,642
Cell_0135,T_cells,1.5559919051211417,2.0835079986082956,95,613
Cell_0136,T_cells,3.0012794998171692,0.7574877292050832,91,594
Cell_0137,T_cells,1.887539629974944,1.8305114230615547,109,622
Cell_0138,T_cells,1.368519179780365,1.9368684669141532,94,643
Cell_0139,T_cells,2.0250001109522837,2.059515070641817,101,664
Cell_0140,T_cells,2.5395214815199267,2.407690524429452,88,633
Cell_0141,T_cells,1.9109189865043674,0.8213076361877565,91,578
Cell_0142,T_cells,2.5254922281470966,0.25766428060172775,89,540
Cell_0143,T_cells,2.7050140353356342,2.3873168878568016,92,621
Cell_0144,T_cells,1.8329565077417882,0.7829424090338561,99,615
Cell_0145,T_cells,2.09954305542014,2.825468226874796,100,718
Cell_0146,T_cells,2.5820589052483305,3.3668462164239408,94,589
Cell_0147,T_cells,2.5514583197852474,3.223821937206128,90,599
Cell_0148,T_cells,2.3960604144045132,2.971127048420663,99,601
Cell_0149,T_cells,2.0247941207046525,2.3029371476344007,89,592
Cell_0150,T_cells,1.5224965033038367,0.7907304307061529,91,611
Cell_0151,T_cells,1.5799069982363942,2.0640354288591305,105,649
Cell_0152,T_cells,2.0781715254113435,1.345327177379776,99,639
Cell_0153,T_cells,2.5307116888585215,2.9545635803590136,102,681
Cell_0154,T_cells,2.43113507443593,2.660620944673542,91,641
Cell_0155,T_cells,2.5434822132629877,2.183491277110373,93,675
Cell_0156,T_cells,3.133364468958132,4.080791297356491,96,647
Cell_0157,T_cells,1.0154853567369457,2.620794350427843,95,640
Cell_0158,T_cells,2.184052526096115,2.2368275270700053,107,639
Cell_0159,T_cells,1.3365291983307594,2.4692506742688263,97,638
Cell_0160,T_cells,2.9591318356003624,1.839912815454476,96,618
Cell_0161,T_cells,1.1162267125289649,1.2900837311796334,100,615
Cell_0162,T_cells,1.7684134647794671,2.859410594174177,92,672
Cell_0163,T_cells,2.951951233552016,1.6228010089166984,107,676
Cell_0164,T_cells,3.1065844545543495,4.106450755257237,92,625
Cell_0165,T_cells,1.6443974367146297,3.237463935305562,95,667
Cell_0166,T_cells,0.7610675925191497,2.763763667277445,110,627
Cell_0167,T_cells,2.594577866104189,2.084563624518351,94,655
Cell_0168,T_cells,2.4405333566091727,0.8250736548262732,100,624
Cell_0169,T_cells,2.5310132067708073,1.7811909209835153,84,615
Cell_0170,T_cells,2.0523245180917193,3.4419857405814964,96,670
Cell_0171,T_cells,2.9581664498316447,1.3077198430761463,105,650
Cell_0172,T_cells,1.5708953146842017,2.742597820648835,99,662
Cell_0173,T_cells,2.444331630999012,3.0680020770669767,91,641
Cell_0174,T_cells,2.166392790321957,1.282577486930104,91,585
Cell_0175,T_cells,1.111100953395412,1.3716440373812808,112,689
Cell_0176,T_cells,1.1075886144532898,2.466171880495298,95,568
Cell_0177,T_cells,1.6468826333624653,1.972401307436191,92,549
Cell_0178,T_cells,2.6239889631030398,1.5723671111780932,92,636
Cell_0179,T_cells,1.4900379934462729,1.2664602099916862,106,660
Cell_0180,T_cells,0.5804831370123964,1.5212617262737373,85,574
Cell_0181,T_cells,4.523969935415366,1.6994251559671107,90,574
Cell_0182,T_cells,2.4371877384114633,3.1163173139463125,101,614
Cell_0183,T_cells,2.6631412545416016,2.433870667626012,92,588
Cell_0184,T_cells,1.7006943357641624,0.991256156158488,102,648
Cell_0185,T_cells,1.3048868926714867,2.182507981182364,94,695
Cell_0186,T_cells,1.5554459267226228,2.3777810174003178,86,591
Cell_0187,T_cells,1.5419426749478888,1.7443544766378922,83,620
Cell_0188,T_cells,3.1660242996220482,2.126390190822219,90,609
Cell_0189,T_cells,2.28588150850059,0.8747938010835643,95,667
Cell_0190,T_cells,2.404168460131487,0.7786312559500159,91,593
Cell_0191,T_cells,2.1625017060670224,1.4640901272492952,87,641
Cell_0192,T_cells,1.5927213202164285,2.839671052888739,94,610
Cell_0193,T_cells,2.611414273636287,1.2467183831293596,97,682
Cell_0194,T_cells,1.2040007203981387,1.0343552699177017,91,577
Cell_0195,T_cells,2.6617435663058475,0.6176970233400816,101,610
Cell_0196,T_cells,1.324596896943863,3.6066753302074,111,713
Cell_0197,T_cells,3.037398167510855,1.3707542428999138,104,709
Cell_0198,T_cells,2.7185163128333345,3.015660160976908,98,609
Cell_0199,T_cells,3.1810135449467856,3.015790225533574,100,629
Cell_0200,T_cells,2.7541760195633276,1.9574247669859695,102,677
Cell_0201,T_cells,1.9862400584279225,2.206032455545845,102,630
Cell_0202,T_cells,1.5739190761799053,2.013221733417674,88,614
Cell_0203,T_cells,2.5966137053821083,1.5852219929179068,102,626
Cell_0204,T_cells,0.549332133377298,2.393240422091912,115,670
Cell_0205,T_cells,2.4139097804005334,0.6423399292802388,90,652
Cell_0206,T_cells,2.667577566257169,1.9383038382908215,107,676
Cell_0207,T_cells,1.8725492927499285,2.1945128253808246,102,619
Cell_0208,T_cells,0.43858050011593797,1.3775241177800306,95,720
Cell_0209,T_cells,2.7346962806872455,2.118498244490161,94,589
Cell_0210,T_cells,1.0292073396225463,3.1505283009492517,85,641
Cell_0211,T_cells,2.285742569611765,1.4018370900698094,99,615
Cell_0212,T_cells,2.530115657444033,0.45661677564885217,95,666
Cell_0213,T_cells,1.8969348586444819,3.005185610451403,95,546
Cell_0214,T_cells,1.527463846775987,0.9462709006024568,101,668
Cell_0215,T_cells,2.9330553217829345,2.5175102258465714,93,615
Cell_0216,T_cells,2.495995136013648,3.25505785090337,97,649
Cell_0217,T_cells,1.2791423281130303,1.360949865112175,100,596
Cell_0218,T_cells,0.3400398639337452,2.9857809292823663,82,579
Cell_0219,T_cells,1.8226988951138368,2.6749558678826055,104,673
Cell_0220,T_cells,1.105521005190949,1.6322881433588352,94,632
Cell_0221,T_cells,0.07091820801236004,3.42702121977541,99,692
Cell_0222,T_cells,1.0808329092490205,3.00603998117694,93,592
Cell_0223,T_cells,1.143771648055729,1.6341321781650926,83,573
Cell_0224,T_cells,3.4138258508456873,1.0155572765316512,92,562
Cell_0225,T_cells,3.301852576530531,1.9833089721583743,100,554
Cell_0226,T_cells,1.7315890605248156,1.9967623351887753,92,609
Cell_0227,T_cells,2.6230904721853228,2.028000903824268,97,667
Cell_0228,T_cells,2.6692842104343786,1.1404111601267126,94,628
Cell_0229,T_cells,2.6490166077207054,1.9103218232561614,94,637
Cell_0230,T_cells,2.348843691072515,1.85410310862127,102,650
Cell_0231,T_cells,1.662733593953966,2.9962252265636957,100,653
Cell_0232,T_cells,2.578361060448027,2.313079563199688,93,610
Cell_0233,T_cells,1.557857693050276,2.463717828239366,107,667
Cell_0234,T_cells,2.5381787551702724,1.708724767839602,98,646
Cell_0235,T_cells,2.7461809053614523,3.1875601525473627,96,645
Cell_0236,T_cells,1.0800897198714714,2.37375938943425,96,625
Cell_0237,T_cells,3.1362404338908307,2.1276925032633733,104,606
Cell_0238,T_cells,2.659886503279057,3.3933540902702966,97,664
Cell_0239,T_cells,1.853860199345934,0.19827876954733537,94,578
Cell_0240,T_cells,0.8699367658755992,0.7493493872151045,95,612
Cell_0241,T_cells,1.6082984412496388,1.5585988342894455,88,629
Cell_0242,T_cells,3.467470287948629,1.9368265173999715,90,581
Cell_0243,T_cells,2.1181623061687085,2.6017500568464937,88,565
Cell_0244,T_cells,1.6806971145541645,3.4056804107665934,90,613
Cell_0245,T_cells,2.5022427051599023,2.115284721459413,95,576
Cell_0246,T_cells,3.227555413598154,2.6937115700299694,96,609
Cell_0247,T_cells,1.2356193374583344,2.7694275834513045,97,591
Cell_0248,T_cells,0.9809132565322645,2.700631786682779,79,591
Cell_0249,T_cells,1.7259380123751435,2.243523067423621,114,636
Cell_0250,T_cells,2.864061918725064,1.9405943174680742,101,630
Cell_0251,B_cells,-1.5562245732290811,2.2657456594183487,96,608
Cell_0252,B_cells,-2.433186599025713,3.0040228673755256,95,610
Cell_0253,B_cells,-1.1015275197462555,1.4918289853334625,104,645
Cell_0254,B_cells,-1.3795539745841792,1.6112321046466067,112,642
Cell_0255,B_cells,-2.1994031454513423,1.3147629656558122,107,612
Cell_0256,B_cells,-2.347031305087647,2.1187930677256155,101,677
Cell_0257,B_cells,-2.424397782994846,1.7489775445634663,102,654
Cell_0258,B_cells,-2.718104774680205,0.991633946591052,110,698
Cell_0259,B_cells,-2.084264669691942,1.9040262511298143,112,636
Cell_0260,B_cells,-1.728255855693185,1.661035991474936,100,615
Cell_0261,B_cells,0.1973325954809133,1.7191852677578872,95,590
Cell_0262,B_cells,-1.6388669392523976,1.903088815502929,104,641
Cell_0263,B_cells,-3.363815804895262,2.432646540061509,100,636
Cell_0264,B_cells,-2.964076382920483,0.1973759086852307,97,659
Cell_0265,B_cells,-1.9914498669111822,1.8157695723981047,94,632
Cell_0266,B_cells,-2.6931775594980856,3.2404689062477816,107,704
Cell_0267,B_cells,-3.022744554960369,2.530160251031354,111,644
Cell_0268,B_cells,-3.1188276488564544,2.843171775400975,89,595
Cell_0269,B_cells,-3.1284090843392685,2.131956968136784,95,536
Cell_0270,B_cells,-1.960086264638554,4.482626685721641,94,623
Cell_0271,B_cells,-1.896413415862642,1.357956285628875,123,661
Cell_0272,B_cells,-0.6885013370281614,1.36313101068883,103,714
Cell_0273,B_cells,-3.0213466558104702,0.9129719622734909,97,586
Cell_0274,B_cells,-0.9917451172253438,0.6822064870004039,98,586
Cell_0275,B_cells,-1.4619133304840715,1.801212903102837,95,625
Cell_0276,B_cells,-2.1779512326347117,1.1284052425276394,91,664
Cell_0277,B_cells,-2.5685920703966363,3.401264875772106,106,658
Cell_0278,B_cells,-2.4302663345784894,2.906590501310475,90,621
Cell_0279,B_cells,-1.6417867198005989,2.0105243038836953,93,655
Cell_0280,B_cells,-2.1399875399709334,3.497450671317339,105,679
Cell_0281,B_cells,-1.9822338337303,1.1766681493489402,102,632
Cell_0282,B_cells,-1.3275776687056275,1.6651875340035784,101,663
Cell_0283,B_cells,-1.6102388509552135,1.22077692204305,98,630
Cell_0284,B_cells,-3.1952675619949096,0.8128822657885459,100,630
Cell_0285,B_cells,-0.41258832979240956,2.4506147305210573,87,542
Cell_0286,B_cells,-1.7297188940845092,2.5918740287143143,104,605
Cell_0287,B_cells,-2.4825121231803386,2.6333155935502597,103,624
Cell_0288,B_cells,-1.2386480736358148,3.2839564009076683,95,626
Cell_0289,B_cells,-2.1058597837252946,0.7019846256053786,95,666
Cell_0290,B_cells,-0.546018356881294,2.681860324028268,107,646
Cell_0291,B_cells,-2.276444875872005,3.6871107761145963,101,656
Cell_0292,B_cells,-0.08414001678170635,1.2986753958486328,103,646
Cell_0293,B_cells,-2.4599763757349398,2.95627959010855,99,685
Cell_0294,B_cells,-2.0964698777332114,2.8405286055759773,95,631
Cell_0295,B_cells,-1.6477608900063,2.1236133399569765,79,498
Cell_0296,B_cells,-2.302529744072302,2.6295730538014497,101,678
Cell_0297,B_cells,-2.220888598506413,1.6418410127311625,119,671
Cell_0298,B_cells,-1.3609925115070456,0.7903720396111131,90,573
Cell_0299,B_cells,-0.9646713955960913,1.8997860009799623,101,636
Cell_0300,B_cells,-2.8904906196262945,2.2037686110824515,108,649
Cell_0301,B_cells,-2.8594686292678677,2.2919917948308015,96,642
Cell_0302,B_cells,-3.2380375121922116,2.2490259105595625,111,625
Cell_0303,B_cells,-3.290966502106225,1.3478711600188626,94,613
Cell_0304,B_cells,-0.8814712669508771,2.3000022915227816,117,659
Cell_0305,B_cells,-1.7940734552049349,2.1844864158017767,102,619
Cell_0306,B_cells,-1.4107489688830008,1.5671503811418426,102,681
Cell_0307,B_cells,-1.0681209873047277,2.6256014110124943,91,646
Cell_0308,B_cells,-2.229804167069297,2.9560326833975843,105,638
Cell_0309,B_cells,-2.771097380202251,2.585781286312532,100,627
Cell_0310,B_cells,-1.7752279280792016,3.4910666890417943,102,635
Cell_0311,B_cells,-2.261050996200144,3.214133103143749,108,713
Cell_0312,B_cells,-1.1438536893587066,2.529920874672501,107,641
Cell_0313,B_cells,-1.1805992400581116,3.4757297826205242,103,626
Cell_0314,B_cells,-1.1448154810552724,2.9214696095923136,94,581
Cell_0315,B_cells,-2.1292453979268355,1.830404023613215,93,632
Cell_0316,B_cells,-1.8786596724980802,1.4776161011739473,114,695
Cell_0317,B_cells,-1.6783679829138212,2.405575705947352,102,643
Cell_0318,B_cells,-3.088263608136983,2.151788220596525,115,676
Cell_0319,B_cells,-2.1231620042890413,2.087448922115116,105,590
Cell_0320,B_cells,-1.372008004858826,1.2529187439669975,95,647
Cell_0321,B_cells,-2.4434210659082916,2.4916863993705514,108,647
Cell_0322,B_cells,-3.2546532611988654,3.118981246574178,95,643
Cell_0323,B_cells,-1.3504820427033417,0.93402270382301,90,691
Cell_0324,B_cells,-2.5959814316642187,0.5207704416031855,98,629
Cell_0325,B_cells,-2.1159296528894984,1.073812213982018,92,642
Cell_0326,B_cells,-1.6433514989234526,2.7599381176162305,98,635
Cell_0327,B_cells,-3.253667701214729,1.5119935642575557,118,648
Cell_0328,B_cells,-0.7671467579976134,1.7598219714645973,101,631
Cell_0329,B_cells,-2.3452572451813802,3.4300937282208257,93,678
Cell_0330,B_cells,-2.9696632101530867,1.5334010600019987,103,673
Cell_0331,B_cells,-4.036800442708531,0.8153946897228121,99,626
Cell_0332,B_cells,-2.2895336187711472,1.5145729235518577,107,600
Cell_0333,B_cells,-1.729519301930642,1.3808909512960112,103,599
Cell_0334,B_cells,-3.3997858177742417,1.1968166035739323,100,638
Cell_0335,B_cells,-2.6103880966875463,0.8590653983948862,102,648
Cell_0336,B_cells,-1.992809949553936,3.2135373749574763,97,625
Cell_0337,B_cells,-2.4657041531150767,1.818272264831536,107,628
Cell_0338,B_cells,-1.552460252653058,2.3452993767630264,101,613
Cell_0339,B_cells,-0.7088964993610112,1.8678041912364185,106,669
Cell_0340,B_cells,-2.212766979756511,1.85349860468096,96,648
Cell_0341,B_cells,-1.805604125580638,2.6463411039603715,99,610
Cell_0342,B_cells,-2.3755360872799844,2.758858811352436,97,623
Cell_0343,B_cells,-2.038409407639532,1.7941271492045465,98,582
Cell_0344,B_cells,-1.6164355118053901,0.9985738751407922,102,626
Cell_0345,B_cells,-0.42414970849274924,2.4680963820705757,95,671
Cell_0346,B_cells,-2.346200595232448,1.7366239519428452,86,622
Cell_0347,B_cells,-2.5132834831356927,1.7348922848615607,99,618
Cell_0348,B_cells,-3.638137727307259,2.9808054790231084,94,677
Cell_0349,B_cells,-1.332247380755746,2.3246529378205136,102,611
Cell_0350,B_cells,-2.180180561938165,1.8401939520867765,86,604
Cell_0351,B_cells,-2.392583930010034,2.961861621570522,94,594
Cell_0352,B_cells,-1.3391948019977098,1.5564555424553768,108,680
Cell_0353,B_cells,-2.3892130832140674,2.506193213680132,99,662
Cell_0354,B_cells,-2.86197694777545,1.3826979960232748,106,664
Cell_0355,B_cells,-1.5343734177861288,2.1244485671212363,112,732
Cell_0356,B_cells,-2.681048823270753,2.663144242618632,104,685
Cell_0357,B_cells,-1.8857946299030464,2.162588717378006,114,696
Cell_0358,B_cells,-3.1942168707457776,2.6176058399593223,99,632
Cell_0359,B_cells,-1.4467794781418317,1.2883081024457566,108,730
Cell_0360,B_cells,-1.6786198511998296,2.250219987118322,98,563
Cell_0361,B_cells,-3.152834813877921,1.891035187382261,98,591
Cell_0362,B_cells,-1.454547465545435,2.9655697329090227,110,705
Cell_0363,B_cells,-2.2491757842391293,2.6350408396124463,97,657
Cell_0364,B_cells,-2.140535128034959,1.4441506120023204,107,686
Cell_0365,B_cells,-3.08252719782182,2.841872596239019,86,633
Cell_0366,B_cells,-1.6164369971532888,2.0233451363404664,93,631
Cell_0367,B_cells,-1.72436194580961,2.746992881809213,111,724
Cell_0368,B_cells,-2.9220295613352545,1.9983987262932743,99,580
Cell_0369,B_cells,-1.4814786333255552,3.9768398341746996,95,641
Cell_0370,B_cells,-0.7668163105293893,2.3715157867238705,111,682
Cell_0371,B_cells,-2.091086782667304,1.282545008755907,95,665
Cell_0372,B_cells,-1.7762907775300585,1.5004762035781294,103,656
Cell_0373,B_cells,-2.142147468842145,2.6361547053997607,90,610
Cell_0374,B_cells,-2.450980794112758,2.154697636754637,105,642
Cell_0375,B_cells,-2.1738940736282872,2.652030188790016,105,662
Cell_0376,B_cells,-1.6729246814326961,1.5310042356092843,97,648
Cell_0377,B_cells,-1.1423580838173435,1.3600079170830215,92,564
Cell_0378,B_cells,-2.8533403015457997,2.3301953002831866,94,591
Cell_0379,B_cells,-3.5991152660058745,1.5532436605480209,98,651
Cell_0380,B_cells,-1.525558862793773,1.6776786048223717,100,679
Cell_0381,B_cells,-1.8394404045969732,-0.05429993795893484,96,617
Cell_0382,B_cells,-1.877856541496063,1.6622857861172782,93,598
Cell_0383,B_cells,-3.151004129252459,1.1607402276720356,98,636
Cell_0384,B_cells,-0.7600145309441224,0.7849552061497673,94,635
Cell_0385,B_cells,-0.9602741367402892,2.67854222025039,107,604
Cell_0386,B_cells,-2.4737784584626663,1.9444137259949303,98,633
Cell_0387,B_cells,-1.6338851427614225,1.6492212715362786,107,653
Cell_0388,B_cells,-2.1226145850054734,2.0795108524156234,109,653
Cell_0389,B_cells,-1.0328823147384254,3.0178872789115863,96,650
Cell_0390,B_cells,-2.1939072645891327,0.5921200248691809,92,597
Cell_0391,B_cells,-2.42688040933459,1.3773028563169936,101,658
Cell_0392,B_cells,-2.3293903416667048,1.993554723440205,103,645
Cell_0393,B_cells,-3.528327729111714,2.657222036351956,89,578
Cell_0394,B_cells,-2.1451168712936486,1.9417740855070647,109,682
Cell_0395,B_cells,-1.411624094600684,1.3166287792904308,94,618
Cell_0396,B_cells,-2.6929285473918982,1.844301196005299,92,644
Cell_0397,B_cells,-1.7869146326772198,2.5188385638735955,93,570
Cell_0398,B_cells,-1.6358416316643258,2.25644609606149,98,691
Cell_0399,B_cells,-3.1191241543707626,1.9745079270861357,110,633
Cell_0400,B_cells,-1.6498213084853814,2.154337477979736,102,597
Cell_0401,B_cells,-0.40351905114835684,2.501142801856163,103,672
Cell_0402,B_cells,-1.2858269608480075,2.0621789094004512,97,684
Cell_0403,B_cells,-2.9330028445820533,1.5442915176183813,100,669
Cell_0404,B_cells,-2.0056492868239837,2.154546410486849,112,682
Cell_0405,B_cells,-2.5714884223540437,1.2983464298952945,112,661
Cell_0406,B_cells,-2.012275908621786,3.3542619308715516,97,620
Cell_0407,B_cells,-2.56458064391343,1.8257781175039036,96,686
Cell_0408,B_cells,-1.154491722822726,2.278168553228578,108,672
Cell_0409,B_cells,-1.942836162265253,1.027410825887786,102,669
Cell_0410,B_cells,-0.31430779280075805,2.5974559693384265,97,720
Cell_0411,B_cells,-3.5016386278734943,1.9580425849587886,113,696
Cell_0412,B_cells,-1.653615583015495,0.7806636729176015,110,636
Cell_0413,B_cells,-2.2326488811355363,1.2655419082404586,111,629
Cell_0414,B_cells,-1.1505752471939545,0.7101328332193804,94,657
Cell_0415,B_cells,-0.5415485005069407,3.566182651663558,98,634
Cell_0416,B_cells,-2.4165139472297987,1.9382452494115927,108,586
Cell_0417,B_cells,-2.9220506655090155,0.38514727854167163,100,652
Cell_0418,B_cells,-1.6276397771771558,2.2971225530009165,94,627
Cell_0419,B_cells,-1.6125536942037184,1.6264063680131469,98,626
Cell_0420,B_cells,-2.794694256675211,2.003965385445825,108,678
Cell_0421,B_cells,-2.6806443093391232,1.5030905392535994,96,606
Cell_0422,B_cells,-1.876631180082755,2.2180240979308157,99,662
Cell_0423,B_cells,-1.406143459966201,2.2376219694493664,96,574
Cell_0424,B_cells,-1.4823802105322528,1.6747231002649539,98,668
Cell_0425,B_cells,-1.7214364777762687,1.5956351334286993,100,636
Cell_0426,B_cells,-2.994479597748689,3.473788359047454,100,568
Cell_0427,B_cells,-3.2527026485493953,2.8527136329999276,97,587
Cell_0428,B_cells,-3.756108132999511,2.849050604559811,94,612
Cell_0429,B_cells,-1.8624912838740504,1.011394876321292,102,627
Cell_0430,B_cells,-0.9712232394889464,0.4692058733448805,95,605
Cell_0431,B_cells,-3.1918889975791895,4.5882105865247595,94,592
Cell_0432,B_cells,-0.9408000859441441,2.7313482382678034,101,659
Cell_0433,B_cells,-1.2577041721784274,0.9841046324976508,105,667
Cell_0434,B_cells,-1.9723713793738713,1.9280783293588626,96,662
Cell_0435,B_cells,-0.627689141638992,2.30603310699925,105,613
Cell_0436,B_cells,-2.8555846385115586,0.7781067468406626,96,592
Cell_0437,B_cells,-0.496964508362159,1.1679136579845206,103,640
Cell_0438,B_cells,-1.526642544659292,1.7588405717267566,96,638
Cell_0439,B_cells,-1.4250281131940064,1.598553169032612,99,622
Cell_0440,B_cells,-0.7332510803824344,1.8469082337290588,104,698
Cell_0441,B_cells,-2.9535100752037247,1.4983824489391733,88,601
Cell_0442,B_cells,-1.931887244492872,3.9178629743562436,102,611
Cell_0443,B_cells,-1.7661205233475281,2.156269538559762,93,634
Cell_0444,B_cells,-1.3694532659249328,1.117783230209946,95,674
Cell_0445,B_cells,-2.54315807678653,0.9538548290811708,104,640
Cell_0446,B_cells,-1.6236973622706476,0.644212719403914,95,585
Cell_0447,B_cells,-1.1044957926440855,1.674889865455069,105,642
Cell_0448,B_cells,-3.389254571488789,3.697231291678394,96,668
Cell_0449,B_cells,-2.647286119935421,2.0673873987841587,102,631
Cell_0450,B_cells,-3.5528611563048544,1.6346390210044088,94,603
Cell_0451,B_cells,-2.6199006201211517,2.179994655154658,86,630
Cell_0452,B_cells,-1.9207760069579627,1.3440664812305014,90,641
Cell_0453,B_cells,-0.5389728512002561,2.5475491995717854,99,617
Cell_0454,B_cells,-1.573954544445911,2.972190983465458,89,649
Cell_0455,B_cells,-2.2117255058683765,2.243265980291564,90,634
Cell_0456,B_cells,-0.565074348205898,2.465763098503384,95,656
Cell_0457,B_cells,-2.1624167763931323,2.2201612379752595,105,660
Cell_0458,B_cells,-2.5144827927817195,1.3617533366190502,103,683
Cell_0459,B_cells,-0.9882967772878757,0.7040965219195217,97,694
Cell_0460,B_cells,-2.888234373656048,2.5861928781652237,109,593
Cell_0461,B_cells,-1.6795555288980186,2.1540291810399577,95,574
Cell_0462,B_cells,-2.414654626425319,1.694873616657622,100,653
Cell_0463,B_cells,-1.9939916645576756,1.6418746856000057,89,653
Cell_0464,B_cells,-4.458323013472281,2.4228950552102027,91,602
Cell_0465,B_cells,-1.9585399180385366,1.3603805091708583,97,634
Cell_0466,B_cells,-1.4549184567783626,1.3997092383529517,110,663
Cell_0467,B_cells,-2.2611704522073532,1.5539030428795448,105,664
Cell_0468,B_cells,-2.66371056847032,2.1387675884097055,108,661
Cell_0469,B_cells,-2.228137929427495,1.927597981210962,94,578
Cell_0470,B_cells,-1.4759697599661328,1.7210372510039187,93,600
Cell_0471,B_cells,-1.7095866705459455,1.8567965254160805,111,723
Cell_0472,B_cells,-1.279698814363557,2.721505840043028,98,596
Cell_0473,B_cells,-2.1916635530024053,2.677427107683649,104,624
Cell_0474,B_cells,-2.206145767790321,1.3886663352210218,107,618
Cell_0475,B_cells,-1.2062539226835964,2.6898092200034074,104,679
Cell_0476,B_cells,-1.7494813584822744,1.2862505212155975,102,642
Cell_0477,B_cells,-2.5957324161770945,1.4309629830565118,103,682
Cell_0478,B_cells,-2.2070432595013685,2.355344453965092,97,581
Cell_0479,B_cells,-0.8289500414634055,1.6956799007704464,96,634
Cell_0480,B_cells,-3.2644087361567866,1.2630748083739356,90,644
Cell_0481,B_cells,-0.8056226058307125,2.457113489746156,106,663
Cell_0482,B_cells,-3.2610626315849855,3.0733081270889775,99,677
Cell_0483,B_cells,-0.5546733147332781,2.1218952671877287,105,661
Cell_0484,B_cells,-3.0521885002255367,1.2317642377083067,107,680
Cell_0485,B_cells,-2.004651960229604,1.3381945176740393,101,598
Cell_0486,B_cells,-1.951500082223712,2.510407545981019,100,600
Cell_0487,B_cells,-1.4102816130451816,1.3278214788037874,100,650
Cell_0488,B_cells,-0.7057982403839502,3.4495979621826565,116,718
Cell_0489,B_cells,-1.5494957829175833,1.2345385045789907,109,687
Cell_0490,B_cells,-0.8527960465036746,1.8146877898550817,98,601
Cell_0491,B_cells,-1.4948120617101557,1.363574855097344,103,633
Cell_0492,B_cells,-2.139849161380639,2.726919475992778,99,631
Cell_0493,B_cells,-1.8069452836978614,5.3993696552028645,98,630
Cell_0494,B_cells,-2.4742158967830474,1.983932391611754,106,662
Cell_0495,B_cells,-2.688413837004302,0.9837656356805518,95,656
Cell_0496,B_cells,-1.9612522185394998,3.6256417921772237,100,632
Cell_0497,B_cells,-1.1713704220533483,1.2167279893656717,92,645
Cell_0498,B_cells,-2.634709037036596,1.7799395578810961,98,665
Cell_0499,B_cells,-1.4073836375063942,1.9341742660622918,97,611
Cell_0500,B_cells,-1.9734840672736744,0.06396347341963371,97,632
Cell_0501,Monocytes,-1.0258639970696741,-1.5276033025465252,121,808
Cell_0502,Monocytes,-2.4418101261199503,-1.095257947697891,92,797
Cell_0503,Monocytes,-1.7201745800379138,-1.5773229526529864,109,883
Cell_0504,Monocytes,-4.121143928785534,-0.4286109232485966,97,784
Cell_0505,Monocytes,-1.5344727420808515,-2.048611090448005,94,743
Cell_0506,Monocytes,-1.0517769528407115,-1.1426201422410784,99,749
Cell_0507,Monocytes,-1.4151353212125077,-2.996193112743342,94,836
Cell_0508,Monocytes,-0.7442587861896546,-1.4742556628229622,99,793
Cell_0509,Monocytes,-1.7283695117324225,-2.168252769994432,94,847
Cell_0510,Monocytes,-1.6958832561237156,0.3879456864634365,117,841
Cell_0511,Monocytes,-2.4899076640516857,-3.1462377924423057,90,749
Cell_0512,Monocytes,-2.340132048353642,-2.5797264240965365,104,810
Cell_0513,Monocytes,-2.8750760449245005,-2.7558614650509825,111,809
Cell_0514,Monocytes,-1.4670038316435776,-2.5544287920540847,100,869
Cell_0515,Monocytes,-1.8047776521251737,-3.9147370901574403,96,767
Cell_0516,Monocytes,-1.8369481964361238,-1.7491395199210058,103,803
Cell_0517,Monocytes,-1.4723359388533224,-1.8046286949997898,101,803
Cell_0518,Monocytes,-2.0568789447252462,-1.6093989060290363,105,811
Cell_0519,Monocytes,-1.8257012263350312,-2.5047645627819892,108,889
Cell_0520,Monocytes,-1.828418481248293,-0.5179770961997117,111,869
Cell_0521,Monocytes,-2.142295010333658,-2.7979305902190648,100,774
Cell_0522,Monocytes,-1.5299683662899755,-2.788543752331103,93,726
Cell_0523,Monocytes,-3.4769593301348576,-0.7050173466890461,96,737
Cell_0524,Monocytes,-1.7216142732999304,-1.7747206064195777,97,757
Cell_0525,Monocytes,-1.9608281622038326,-3.3938995567271038,102,877
Cell_0526,Monocytes,-0.6401447846391284,-2.1533044026878887,93,725
Cell_0527,Monocytes,-1.953559185490417,-2.1980636847637514,101,738
Cell_0528,Monocytes,-1.6242204679918408,-1.1755634426595742,104,760
Cell_0529,Monocytes,-1.966863836442516,-2.759220295895834,95,679
Cell_0530,Monocytes,-3.2097215740074305,-2.8968834797392398,98,745
Cell_0531,Monocytes,-2.4789734300652393,-2.8994023042887394,93,755
Cell_0532,Monocytes,-1.8876290448242719,-1.6234813809805606,102,808
Cell_0533,Monocytes,-1.6771359726774422,-1.0164507009270376,95,714
Cell_0534,Monocytes,-1.0828282249615346,-0.8313566679297617,89,778
Cell_0535,Monocytes,-3.133216571314355,-1.3730646130821431,101,762
Cell_0536,Monocytes,-3.1837780370602067,-2.643222748514801,108,734
Cell_0537,Monocytes,-2.7658739263534686,-0.6981786335762994,105,794
Cell_0538,Monocytes,-3.5503930672580166,-2.239365062654373,105,807
Cell_0539,Monocytes,-1.4421905396235184,-1.6096643326747944,83,821
Cell_0540,Monocytes,-3.1391828094813214,-1.3072257255205701,108,808
Cell_0541,Monocytes,-2.8901143581544924,-3.093811867485832,109,762
Cell_0542,Monocytes,-2.0382055906331256,-1.979526684756735,99,769
Cell_0543,Monocytes,-2.0921714962329583,-3.5650093559625837,88,739
Cell_0544,Monocytes,-2.2485884278478876,-1.0422616049526154,107,799
Cell_0545,Monocytes,-1.555760410120073,-1.697506200734316,107,794
Cell_0546,Monocytes,-2.8726149641976892,-1.4873019186223233,109,870
Cell_0547,Monocytes,-1.936109397655767,-2.654149763704729,91,773
Cell_0548,Monocytes,-2.8675024620683036,-2.5670987635383886,94,790
Cell_0549,Monocytes,-0.7218811955014273,-2.0964828009464673,103,772
Cell_0550,Monocytes,-1.5518946852890743,-2.6190210866732535,93,713
Cell_0551,Monocytes,-2.7312663119612144,-1.4936482467031098,108,799
Cell_0552,Monocytes,-1.8049386244632286,-1.5493549165437663,103,843
Cell_0553,Monocytes,-2.272777145619511,-1.0789170603396356,93,783
Cell_0554,Monocytes,-2.1413768601698413,-2.2012107560613345,91,725
Cell_0555,Monocytes,-3.4820387555688557,-0.453974705108926,103,839
Cell_0556,Monocytes,-2.3898977568110813,-2.619271761504818,95,828
Cell_0557,Monocytes,-3.8785093733995795,-2.123432596561519,100,787
Cell_0558,Monocytes,-1.0114186290654712,-2.724124923599761,109,798
Cell_0559,Monocytes,-2.3936048893897492,-1.611669287158687,95,754
Cell_0560,Monocytes,-0.8668125479192277,-3.3084857586112264,99,826
Cell_0561,Monocytes,-2.6349298322245254,-1.6207166575792964,94,818
Cell_0562,Monocytes,-2.2039066903825697,-2.23442767628604,111,888
Cell_0563,Monocytes,-2.063702110919778,-4.218713296118118,107,778
Cell_0564,Monocytes,-1.7045510670078416,-2.0424578139716383,105,796
Cell_0565,Monocytes,-2.159233219969998,-1.764910638942248,98,838
Cell_0566,Monocytes,-3.001414664093666,-2.45136772752256,94,859
Cell_0567,Monocytes,-1.5518156910348082,-2.0847669445790835,114,812
Cell_0568,Monocytes,-2.588443724876416,-1.3002655887652406,110,731
Cell_0569,Monocytes,-1.519319630642133,-2.149235041485565,101,809
Cell_0570,Monocytes,-2.239248345879273,-1.310481311753858,111,852
Cell_0571,Monocytes,-2.2682269961967156,-2.6441360709168444,101,764
Cell_0572,Monocytes,0.579816054161375,-2.474973640508947,107,851
Cell_0573,Monocytes,-2.561552841224466,-1.4053032888367232,115,788
Cell_0574,Monocytes,-1.6507095916426795,-2.384331031915984,96,804
Cell_0575,Monocytes,-3.015841049178575,-0.7509466200547448,98,777
Cell_0576,Monocytes,-2.5812031561011612,-2.7498744305784664,101,835
Cell_0577,Monocytes,-1.681786437045934,-2.692221570316189,89,753
Cell_0578,Monocytes,-1.3526865147635776,-1.9276525008591054,80,809
Cell_0579,Monocytes,-2.5610106868162665,-1.9942079160463941,90,750
Cell_0580,Monocytes,-1.7948912777364576,-2.4684360995561345,105,783
Cell_0581,Monocytes,-2.9358083867433153,-3.1368804143690223,99,738
Cell_0582,Monocytes,-1.4541445885838202,-2.3818151336986775,93,748
Cell_0583,Monocytes,-0.5853104399739484,-1.5729259406778047,101,765
Cell_0584,Monocytes,-2.8607080489885326,-1.9862524453817643,89,772
Cell_0585,Monocytes,-2.7581495089442525,-2.468889042482763,103,751
Cell_0586,Monocytes,-2.2845752135567317,-1.7972942965138454,106,840
Cell_0587,Monocytes,-2.2327598202269607,-2.17540652301558,107,774
Cell_0588,Monocytes,-1.542470406795176,-1.3676006723842193,105,817
Cell_0589,Monocytes,-0.6461583938744786,-2.044065683232155,101,815
Cell_0590,Monocytes,-0.9401727126627331,-2.2728506737623158,91,723
Cell_0591,Monocytes,-2.2572267968456092,-1.9290107564704058,99,822
Cell_0592,Monocytes,-1.7631878401218646,-1.6215324266657716,99,811
Cell_0593,Monocytes,-2.6912008161822394,-2.280680911362836,107,803
Cell_0594,Monocytes,-1.6010784314956779,-1.0977479387773532,102,833
Cell_0595,Monocytes,-2.9948413369462346,-0.8774830867182584,102,768
Cell_0596,Monocytes,-3.0393080073550247,-1.0613501439191189,105,796
Cell_0597,Monocytes,-1.0631566734291646,-3.3958678441537926,92,787
Cell_0598,Monocytes,-1.9716323026020446,-1.760525149113679,105,820
Cell_0599,Monocytes,-1.376350731388194,-3.085238558457992,101,814
Cell_0600,Monocytes,-1.4370199793165384,-2.0635576311593673,106,764
Cell_0601,Monocytes,-2.0985239703010174,-2.3318402402936305,87,772
Cell_0602,Monocytes,-2.8295586192697635,-2.4641184850774582,93,710
Cell_0603,Monocytes,-2.50974286621563,-3.0618732614259674,97,765
Cell_0604,Monocytes,-2.78584546597009,-2.7014057003012355,110,836
Cell_0605,Monocytes,-1.696661460447395,-2.665239673522199,101,797
Cell_0606,Monocytes,-2.0979481857435496,-2.0377563845836995,100,783
Cell_0607,Monocytes,-1.5987455931738268,-1.8821519660474801,105,805
Cell_0608,Monocytes,-1.3429221289945847,-1.1703282598213205,95,866
Cell_0609,Monocytes,-1.6380380366429996,-0.7957178352238137,106,776
Cell_0610,Monocytes,-1.3773540762488954,-2.96225595565117,100,777
Cell_0611,Monocytes,-2.2434854257553045,-1.7317985929251671,101,862
Cell_0612,Monocytes,-1.9032387162447315,-0.9805996200161948,102,861
Cell_0613,Monocytes,-0.597892917811853,-2.762117334720684,100,877
Cell_0614,Monocytes,-0.8961846680802701,-0.9723595173353716,91,694
Cell_0615,Monocytes,-3.0053793824221247,-1.2553879115997808,112,896
Cell_0616,Monocytes,-1.0568124002009673,-1.8905655277516695,103,792
Cell_0617,Monocytes,-0.4628803423417218,-1.2311962338968732,89,804
Cell_0618,Monocytes,-1.215459964129284,-1.4646565656461576,95,816
Cell_0619,Monocytes,-1.0082125296153022,-3.76857905511595,100,792
Cell_0620,Monocytes,-1.9066222272003,-2.617286321934567,101,829
Cell_0621,Monocytes,-2.8562777202826366,-2.733556068864991,99,783
Cell_0622,Monocytes,-2.665833640249906,-0.7762191896485748,90,817
Cell_0623,Monocytes,-2.22621386698034,-1.7044038091551441,108,843
Cell_0624,Monocytes,-1.6716482092474,-2.1059981263764804,103,855
Cell_0625,Monocytes,-2.449083611056504,-1.4278022717665015,106,804
Cell_0626,Monocytes,-3.169055272356757,-2.703157612884226,100,769
Cell_0627,Monocytes,-2.886197083837356,-2.503100896709265,97,786
Cell_0628,Monocytes,-3.743477656008304,-1.1123473470179286,99,715
Cell_0629,Monocytes,-3.0438365584583797,-1.27757565677622,106,830
Cell_0630,Monocytes,-3.4235198558162456,-2.4210032831919337,100,760
Cell_0631,Monocytes,-2.6702656753478053,-1.042088730449337,111,782
Cell_0632,Monocytes,-2.0348211624298638,-3.379625222772699,107,765
Cell_0633,Monocytes,-1.1242883429394055,-2.904946095229933,97,764
Cell_0634,Monocytes,-1.5967324027850156,-2.197947519426802,103,822
Cell_0635,Monocytes,-0.9070976807174622,-1.5186650655133078,94,729
Cell_0636,Monocytes,-2.011770994814513,-1.7373531313023651,91,757
Cell_0637,Monocytes,-2.284728871813871,-3.6198860455991797,89,720
Cell_0638,Monocytes,-2.370341800071606,-1.346445581337608,96,802
Cell_0639,Monocytes,-2.939739335250053,-2.537573173392484,91,725
Cell_0640,Monocytes,-1.269590749220729,-0.6512395139420044,92,789
Cell_0641,Monocytes,-2.321376084252325,-2.869797089781708,102,829
Cell_0642,Monocytes,-1.561342288047668,-2.677933187016131,99,723
Cell_0643,Monocytes,-2.7279837143220553,-2.7379986180127416,83,755
Cell_0644,Monocytes,-1.5759870324805467,-0.8400346027599159,107,832
Cell_0645,Monocytes,-2.0803327033340286,-2.209494012656622,98,800
Cell_0646,Monocytes,-1.2044621107451108,-3.0099412715498977,88,809
Cell_0647,Monocytes,-1.4529141291326089,-1.284257744926713,121,837
Cell_0648,Monocytes,-1.3854364316372005,-1.1741639605197607,96,765
Cell_0649,Monocytes,-2.625079364066492,-1.512055359018835,98,816
Cell_0650,Monocytes,-2.127576488516054,-2.0276079268418843,110,767
Cell_0651,Monocytes,-2.633610332737057,-2.6705031610067604,98,734
Cell_0652,Monocytes,-2.6045912900744495,-1.5221811221476913,98,783
Cell_0653,Monocytes,-0.8160626908728654,-2.4018075506007763,86,801
Cell_0654,Monocytes,-2.084705890129731,-2.6099430126479124,94,784
Cell_0655,Monocytes,-1.8341523851452632,-1.6873872373166459,96,851
Cell_0656,Monocytes,-1.71779552265554,-1.852126157743562,99,758
Cell_0657,Monocytes,-2.671851803440707,-1.6774994473130134,95,782
Cell_0658,Monocytes,-1.8737151983612508,-0.6665457947155211,95,774
Cell_0659,Monocytes,-1.8536705239435536,-2.5634476082463387,105,813
Cell_0660,Monocytes,-1.0136618089437162,-2.0941162207124737,100,854
Cell_0661,Monocytes,-1.8050631589458865,-1.2237998683877196,99,752
Cell_0662,Monocytes,-1.8479088863080266,-0.7526959874911847,110,783
Cell_0663,Monocytes,-1.958413308992661,-1.537231678008935,104,812
Cell_0664,Monocytes,-2.126158633909887,-1.998404815362526,111,871
Cell_0665,Monocytes,-2.2456800646494033,-0.7924794713278145,100,900
Cell_0666,Monocytes,-2.3476483555181984,-2.8337939203981843,94,745
Cell_0667,Monocytes,-3.1963059648528214,-2.749224001811869,103,777
Cell_0668,Monocytes,-3.5035055125434313,-2.247261612484693,103,816
Cell_0669,Monocytes,-3.1399958669599486,-1.6918878054506332,85,854
Cell_0670,Monocytes,-1.4953823492054767,-2.7518215677648903,97,758
Cell_0671,Monocytes,-0.5104307475476719,-0.9604273469020312,95,821
Cell_0672,Monocytes,-3.4013488064671575,-1.7024404781331195,96,712
Cell_0673,Monocytes,-2.059345090523617,-2.89982787405268,96,804
Cell_0674,Monocytes,-1.3010419564987608,-0.3318522697417883,86,692
Cell_0675,Monocytes,-1.7610289396047565,-1.9696250703494738,99,768
Cell_0676,Monocytes,-2.2128166512354452,-1.2504626823490004,88,795
Cell_0677,Monocytes,-2.939583828693579,-1.844800645524062,99,801
Cell_0678,Monocytes,-2.318858399590173,-1.6810370015446834,102,810
Cell_0679,Monocytes,-2.194977592674344,-1.695201450977695,96,757
Cell_0680,Monocytes,-2.095551891146554,-2.033691368128902,94,809
Cell_0681,Monocytes,-1.9513717335242868,-1.3599570056727583,93,787
Cell_0682,Monocytes,-1.3437982086824012,-1.8488170200612895,99,742
Cell_0683,Monocytes,-1.8652264581374176,-2.0448718288246246,100,817
Cell_0684,Monocytes,-2.479457125275463,-1.9505333533731324,91,787
Cell_0685,Monocytes,-1.2100560816396868,-1.1257276587658187,95,807
Cell_0686,Monocytes,-2.1351687276874984,-2.6560507599723495,88,807
Cell_0687,Monocytes,-3.1204817414950052,-1.7992279574176782,90,785
Cell_0688,Monocytes,-1.8713955488840008,-2.3226858142614306,104,803
Cell_0689,Monocytes,-2.8386903894108406,-2.9930231074658162,99,771
Cell_0690,Monocytes,-2.223534150298192,-0.9658414611578581,93,804
Cell_0691,Monocytes,-3.310110225357245,-1.2310114267517354,97,767
Cell_0692,Monocytes,-1.9109836401929035,-0.806763947297013,101,789
Cell_0693,Monocytes,-0.5402261365365122,-3.2486387009680775,96,840
Cell_0694,Monocytes,-0.9361401755758589,-2.899881958330337,85,732
Cell_0695,Monocytes,-1.9224061655467237,-3.4946953619901917,87,739
Cell_0696,Monocytes,-2.5076911171106517,-2.5687598432303176,98,743
Cell_0697,Monocytes,-2.2397587742293608,-0.5269697947458667,99,736
Cell_0698,Monocytes,-1.818948204515829,-2.1677640011444685,99,715
Cell_0699,Monocytes,-1.4427702935047493,-3.831102877432489,102,741
Cell_0700,Monocytes,-1.8322584628970302,-2.670877662085804,105,822
Cell_0701,Monocytes,-2.180124403485569,-1.8557105153550957,108,840
Cell_0702,Monocytes,-2.023132421404074,-1.4810767208773088,93,762
Cell_0703,Monocytes,-2.0492935178380027,-2.041321263811986,94,778
Cell_0704,Monocytes,-1.6078734110865704,-0.08723907766191186,100,749
Cell_0705,Monocytes,-2.139008686723919,-2.248772904984238,102,846
Cell_0706,Monocytes,-2.4771247289286933,-2.088997034029718,110,755
Cell_0707,Monocytes,-1.9214940969593493,-2.0919246907860627,95,729
Cell_0708,Monocytes,-2.1806956796650354,-1.9961173773552496,98,813
Cell_0709,Monocytes,-2.245120095940498,-0.9350775754018443,101,846
Cell_0710,Monocytes,-1.1779448396196477,-1.2720144913901397,90,761
Cell_0711,Monocytes,-2.4036642849168084,-1.0791819461466754,105,796
Cell_0712,Monocytes,-3.8559275889635316,-0.39201294960332067,110,847
Cell_0713,Monocytes,-1.8348858297971398,-2.3091450344729187,95,842
Cell_0714,Monocytes,-0.4842439463313366,-1.6042547135476426,103,826
Cell_0715,Monocytes,-3.5467136067201563,-1.8977385324310534,96,746
Cell_0716,Monocytes,-3.3724319824745796,-1.548162754207707,103,762
Cell_0717,Monocytes,-1.7480706239138128,-2.401896074248262,99,788
Cell_0718,Monocytes,-1.434556102937447,-2.3855912764522995,93,827
Cell_0719,Monocytes,-2.711925889250115,-2.083597326148474,96,733
Cell_0720,Monocytes,-2.867744312141252,-1.796268099107675,108,859
Cell_0721,Monocytes,-2.9343940871386,-2.962916002426194,111,846
Cell_0722,Monocytes,-3.0262895222718917,-2.131627359569494,109,833
Cell_0723,Monocytes,-1.8980999341536196,-2.1518748376392414,106,809
Cell_0724,Monocytes,-3.56705908888806,-3.9912990761119858,96,735
Cell_0725,Monocytes,-1.5234630653694272,-1.6464569528090904,100,785
Cell_0726,Monocytes,-1.4433121964980609,-1.4417284387627347,102,852
Cell_0727,Monocytes,-2.9674359763201847,-1.7521650027041307,107,863
Cell_0728,Monocytes,-0.3318261214796223,-2.2268851182816403,97,793
Cell_0729,Monocytes,-1.7526415007434553,-1.272982122281352,106,758
Cell_0730,Monocytes,-2.0561830927615885,-1.9635863094100596,98,823
Cell_0731,Monocytes,-2.239194321819746,-0.7091841598389064,98,825
Cell_0732,Monocytes,-3.2300869116109014,-2.4439136917306503,111,916
Cell_0733,Monocytes,-1.715813847474279,-2.454867765942856,103,808
Cell_0734,Monocytes,-2.9802721739939853,-2.5500494565319656,100,843
Cell_0735,Monocytes,-1.1928857441431044,-2.1284581991440956,101,768
Cell_0736,Monocytes,-2.5980701875457113,-1.8111165130943145,89,712
Cell_0737,Monocytes,-2.542892361374688,-1.6573195504506835,102,843
Cell_0738,Monocytes,-2.884077797975077,-1.6153629679389172,97,868
Cell_0739,Monocytes,-1.3448351575496507,-2.5349931343395897,103,805
Cell_0740,Monocytes,-0.930121878640868,-3.2542506705712526,109,827
Cell_0741,Monocytes,-3.0002863528806265,-3.0998414076625904,96,740
Cell_0742,Monocytes,-1.2502386348852492,-2.451660406174691,120,827
Cell_0743,Monocytes,-0.9547973763780111,-1.6229437442778978,89,797
Cell_0744,Monocytes,-1.862659321145611,-2.214606489052049,100,798
Cell_0745,Monocytes,-2.2289750708511007,-0.8157582029618071,94,771
Cell_0746,Monocytes,-0.5796792259230898,-1.0266112805211383,92,839
Cell_0747,Monocytes,-1.1091339167830463,-2.039907540020591,97,847
Cell_0748,Monocytes,-1.9901334446176444,-0.6751418998948104,110,879
Cell_0749,Monocytes,-2.2824035221344467,-2.046928236524914,98,821
Cell_0750,Monocytes,-2.300062489809735,-2.6629474744614186,104,798
Cell_0751,NK_cells,2.9575044208530015,-2.1130401273391106,108,737
Cell_0752,NK_cells,2.789611496531504,-1.1426239336887745,109,739
Cell_0753,NK_cells,2.1251284892114954,-1.7283623131352936,107,739
Cell_0754,NK_cells,1.5108171935386672,-1.7774435184825266,98,743
Cell_0755,NK_cells,2.9437844549883327,-1.8728571450578384,106,693
Cell_0756,NK_cells,3.780432878072518,-2.3219502525955855,108,683
Cell_0757,NK_cells,1.7231088040281155,-1.436479071842862,109,705
Cell_0758,NK_cells,3.3966304114338093,-1.9297398107220034,109,735
Cell_0759,NK_cells,1.0181483533840745,-2.432269972758751,94,628
Cell_0760,NK_cells,0.6573255435644996,-1.7883965827128505,106,741
Cell_0761,NK_cells,0.9273234089873679,-1.5593435207252844,97,782
Cell_0762,NK_cells,0.9753541276799416,-1.5592047642217846,111,762
Cell_0763,NK_cells,2.3473926820630564,-3.1690016705137003,104,719
Cell_0764,NK_cells,2.3252205957789536,-1.161898280605818,96,684
Cell_0765,NK_cells,1.7256058562735979,-1.5687823218257506,96,740
Cell_0766,NK_cells,0.7400308124199313,-2.878063650026003,105,694
Cell_0767,NK_cells,2.9386049206520246,-1.897713256534119,97,721
Cell_0768,NK_cells,1.9667350290826087,-2.5740276033224965,103,682
Cell_0769,NK_cells,1.764652105993092,-3.4306200070377146,89,653
Cell_0770,NK_cells,2.267220828838237,-0.017903982320957024,110,685
Cell_0771,NK_cells,3.216105939514792,-1.3120383470919579,109,700
Cell_0772,NK_cells,1.5796997348165185,-4.121686794517222,101,696
Cell_0773,NK_cells,1.2193991173096719,-1.8461172759840296,99,640
Cell_0774,NK_cells,2.2990494007264983,-2.2797247023618135,99,693
Cell_0775,NK_cells,2.598827413533667,-2.353885609151848,111,706
Cell_0776,NK_cells,1.7335835300097864,-0.9864141052390945,110,695
Cell_0777,NK_cells,3.794024256849509,-0.9167290403426529,105,668
Cell_0778,NK_cells,1.2909869378763157,-1.9060338552475669,99,818
Cell_0779,NK_cells,1.6434765928025854,-1.5486774782799997,107,752
Cell_0780,NK_cells,1.7647120234036635,-1.8182929447709046,112,816
Cell_0781,NK_cells,3.744837418822094,-2.6555319356792473,98,711
Cell_0782,NK_cells,1.1917920220101705,-2.1903944168729397,108,777
Cell_0783,NK_cells,1.1057522282058714,-1.7791222101426685,101,715
Cell_0784,NK_cells,1.1885593186105852,-0.9742417541991497,101,653
Cell_0785,NK_cells,2.512216641291686,-0.339476266560097,98,669
Cell_0786,NK_cells,0.3801657450307032,-1.2564177694902958,104,741
Cell_0787,NK_cells,2.1248821389055768,-2.1696470086940205,104,690
Cell_0788,NK_cells,2.213035452119108,-1.613279802244918,95,675
Cell_0789,NK_cells,-0.45244955934758346,-2.905884713790847,103,701
Cell_0790,NK_cells,0.3615015482151043,-1.6206511829900425,115,692
Cell_0791,NK_cells,1.697036809055433,-0.6209476709510957,94,694
Cell_0792,NK_cells,1.7588391190282868,-2.387066372157389,109,731
Cell_0793,NK_cells,2.377062997870118,-0.21800831709411295,93,742
Cell_0794,NK_cells,2.325606082301996,-1.1836708441057462,102,652
Cell_0795,NK_cells,2.2025316923238254,-1.0443764112301661,105,723
Cell_0796,NK_cells,1.907825503609127,-2.8763691694599536,92,744
Cell_0797,NK_cells,1.965495314908769,-1.8982726600637332,101,717
Cell_0798,NK_cells,1.0769753112689675,-1.7812732125231223,113,775
Cell_0799,NK_cells,2.8102298331149997,-2.0718239858489618,115,731
Cell_0800,NK_cells,3.0993998554605646,-2.326780740534205,107,815
Cell_0801,NK_cells,1.6783006231535562,-2.6099451982655544,100,736
Cell_0802,NK_cells,3.235613805038808,-1.947190512150807,99,741
Cell_0803,NK_cells,0.8712363906137712,-2.002610566853299,95,629
Cell_0804,NK_cells,0.06622433393275529,-1.4090409542047122,103,667
Cell_0805,NK_cells,2.706492557731314,-2.1502206581625476,112,746
Cell_0806,NK_cells,2.3868645486486133,-1.2080018864959547,110,768
Cell_0807,NK_cells,1.1836929022142637,-2.6936381053128433,102,668
Cell_0808,NK_cells,1.59424591482999,-0.87693810762287,103,771
Cell_0809,NK_cells,1.9092771060944342,-1.3681522084218911,93,763
Cell_0810,NK_cells,2.848979360239522,-2.231126160348152,101,732
Cell_0811,NK_cells,1.7174462896464826,-2.4758348782704442,102,735
Cell_0812,NK_cells,1.202057733435875,-2.4036310966174503,107,741
Cell_0813,NK_cells,1.7609733741756042,-2.4913368888421847,100,713
Cell_0814,NK_cells,1.6836882529315313,-2.631819388968469,94,765
Cell_0815,NK_cells,2.0267093733044343,-1.812867113532894,101,731
Cell_0816,NK_cells,2.9172304846953105,-1.5472246640156997,106,771
Cell_0817,NK_cells,3.075297449219999,-0.9099707518558442,101,706
Cell_0818,NK_cells,2.3089172321316793,-0.9064361845082491,100,723
Cell_0819,NK_cells,1.801277948521743,-2.9062690593164557,112,741
Cell_0820,NK_cells,1.7656294116245141,-1.6793966667872948,116,737
Cell_0821,NK_cells,1.756451290741099,-2.097121805618267,101,659
Cell_0822,NK_cells,2.354354833508316,-0.5617148500502345,113,789
Cell_0823,NK_cells,2.3759631837650277,-0.591250422674853,110,762
Cell_0824,NK_cells,2.7068124869717827,-2.0276326552623365,107,687
Cell_0825,NK_cells,1.0359765491731503,-2.4586502944066675,106,676
Cell_0826,NK_cells,2.879996207944498,-2.6168927215236657,100,729
Cell_0827,NK_cells,0.30491605199887983,-1.8054513655245863,97,703
Cell_0828,NK_cells,2.4675591705249778,-1.0828546083692614,117,741
Cell_0829,NK_cells,3.249763241903597,-1.7639288551226797,105,694
Cell_0830,NK_cells,2.0266166778713055,-2.19906633603731,104,743
Cell_0831,NK_cells,1.9219573978853066,-2.445137978753065,125,765
Cell_0832,NK_cells,1.9493009390564975,-0.40102655444219515,105,776
Cell_0833,NK_cells,1.781188738239512,-2.7871235285642646,87,659
Cell_0834,NK_cells,2.4368187317485503,-1.2869326880517147,106,715
Cell_0835,NK_cells,2.7206392478864476,-2.7324024293590785,97,672
Cell_0836,NK_cells,2.951057958666424,-1.6221720482681858,102,777
Cell_0837,NK_cells,1.9670186873532634,-3.54873828259618,96,683
Cell_0838,NK_cells,3.15905482688514,-2.568137566402429,94,663
Cell_0839,NK_cells,1.2543780185811129,-1.6925920693329188,105,740
Cell_0840,NK_cells,2.2138687439615934,-1.64341353224324,113,818
Cell_0841,NK_cells,2.4824639994287363,-1.9103135559856943,95,677
Cell_0842,NK_cells,2.214611652633077,-1.9427508071670339,112,793
Cell_0843,NK_cells,1.8513937200233153,-2.3016348063071,106,761
Cell_0844,NK_cells,2.571575246746455,-1.5254850699097993,101,688
Cell_0845,NK_cells,2.7541498188472904,-1.0400671831763915,100,658
Cell_0846,NK_cells,2.5406970504230366,-2.34195875357135,105,777
Cell_0847,NK_cells,3.289235204928933,-2.413434142530428,101,737
Cell_0848,NK_cells,2.432568539972623,-1.3482822400219774,105,689
Cell_0849,NK_cells,1.8126413074439816,0.01302667145839509,111,753
Cell_0850,NK_cells,1.6631397693593217,-3.3031468346838135,112,785
Cell_0851,NK_cells,0.49410062189921655,-1.185577598077673,101,657
Cell_0852,NK_cells,0.8583446842310425,-2.748715056807404,111,777
Cell_0853,NK_cells,1.58150327712133,-3.1513194890807172,112,698
Cell_0854,NK_cells,2.255847246713786,-1.0664037727041276,104,715
Cell_0855,NK_cells,2.5238405007026445,-1.1962052196100117,103,687
Cell_0856,NK_cells,3.066136774814381,-2.3676257269930683,104,716
Cell_0857,NK_cells,1.7228006537515848,-1.6941782840315742,100,681
Cell_0858,NK_cells,3.4531401701835858,-1.1819225430480915,114,723
Cell_0859,NK_cells,2.6380104354457394,-1.63660043685324,112,753
Cell_0860,NK_cells,1.9893049676987906,-1.8236649861778342,106,751
Cell_0861,NK_cells,1.5111070507506752,-2.2221880068140814,96,724
Cell_0862,NK_cells,1.5567034653294152,-1.7816496269486584,97,727
Cell_0863,NK_cells,2.0608025022382312,-1.591116001441579,105,694
Cell_0864,NK_cells,1.469236051704554,-1.007976450424068,93,657
Cell_0865,NK_cells,3.2039570250366314,-2.231706983293208,107,735
Cell_0866,NK_cells,1.42582240054286,-1.865728416005439,106,802
Cell_0867,NK_cells,1.8832407461803853,-2.248551838048401,116,777
Cell_0868,NK_cells,2.509711831059137,-3.0095221346627876,105,754
Cell_0869,NK_cells,2.661223777419531,-3.028054222814821,106,692
Cell_0870,NK_cells,1.9857623018644175,-2.1701969077625627,116,703
Cell_0871,NK_cells,2.657965693848671,-1.458716708221798,106,732
Cell_0872,NK_cells,1.1958008369179813,-1.895352995861633,97,703
Cell_0873,NK_cells,1.9059944281668066,-2.332952560756365,97,705
Cell_0874,NK_cells,1.3586022815941186,-0.9597181864013731,99,734
Cell_0875,NK_cells,2.731675743395618,-2.3369056502571817,91,656
Cell_0876,NK_cells,3.6391533277161043,-1.0477506265928431,94,620
Cell_0877,NK_cells,0.5940399275416592,-0.7312646038595436,94,677
Cell_0878,NK_cells,0.6615182866231089,-2.213370756916003,110,821
Cell_0879,NK_cells,2.905012062791312,-3.3901672828420244,93,664
Cell_0880,NK_cells,2.9445839509742955,-1.5804853135198524,118,717
Cell_0881,NK_cells,0.6181064711577475,-1.1128541405059762,111,720
Cell_0882,NK_cells,1.7867222028812337,-2.1390478319755792,107,707
Cell_0883,NK_cells,2.5892490596370132,-2.6177345091146234,112,724
Cell_0884,NK_cells,1.737205393661597,-1.228773228676034,97,724
Cell_0885,NK_cells,3.1025503305662303,-1.8460049158546057,105,693
Cell_0886,NK_cells,1.594139903347451,-2.036687383303847,114,709
Cell_0887,NK_cells,1.8611783927124461,-1.8515070626190278,103,662
Cell_0888,NK_cells,2.450709732509118,-1.3965685208927034,101,727
Cell_0889,NK_cells,2.327861009449343,-2.981967810563202,112,753
Cell_0890,NK_cells,2.268906242914276,-2.5810535581288834,92,728
Cell_0891,NK_cells,1.661383347701047,-1.4631053464893535,118,789
Cell_0892,NK_cells,2.4072970941306884,-0.8656848654994618,102,698
Cell_0893,NK_cells,2.0134035171409943,-2.424421580014349,93,704
Cell_0894,NK_cells,-0.09669657723100977,-2.8351157201329573,107,698
Cell_0895,NK_cells,2.0139781325960766,-3.256365571017926,93,640
Cell_0896,NK_cells,2.530058070821779,-2.9194825991312228,100,645
Cell_0897,NK_cells,3.3133886452178754,0.17064786401748355,94,737
Cell_0898,NK_cells,3.2653967993204347,-1.660816929518451,100,679
Cell_0899,NK_cells,1.11120699346234,-1.7894059588300295,97,709
Cell_0900,NK_cells,2.485488394125274,-0.8886887265515375,106,723
Cell_0901,NK_cells,2.1881285139597093,-2.746152222684449,105,713
Cell_0902,NK_cells,2.2368250770483895,-3.596292660101488,98,697
Cell_0903,NK_cells,3.304291426406389,-2.3455709260644104,102,696
Cell_0904,NK_cells,0.7897367162684832,-0.8325881273765703,103,731
Cell_0905,NK_cells,1.1310868157493892,-1.4006514486215345,99,688
Cell_0906,NK_cells,2.313016330030023,-1.2972556906438817,113,741
Cell_0907,NK_cells,2.877983706898543,-1.6148053353882938,102,732
Cell_0908,NK_cells,3.2706152506746813,-1.4160302293166867,103,737
Cell_0909,NK_cells,2.8015453079051515,-2.1148050571304413,93,659
Cell_0910,NK_cells,1.9081051614509317,-2.471125794219393,94,673
Cell_0911,NK_cells,1.295582510406223,-1.718280151920145,88,763
Cell_0912,NK_cells,3.665484631960104,-1.893174383738045,96,747
Cell_0913,NK_cells,1.3207552865064072,-0.9316567142650511,94,713
Cell_0914,NK_cells,1.3981198572285036,-2.5212990547736385,101,743
Cell_0915,NK_cells,0.1904628173601779,-2.486034302255792,106,711
Cell_0916,NK_cells,2.882246330893283,-2.0837500201823183,99,748
Cell_0917,NK_cells,1.0305865069226798,-3.2676194161216423,102,698
Cell_0918,NK_cells,3.26752517090753,-2.735437492138642,90,615
Cell_0919,NK_cells,1.7699576970284314,-1.6665758935191923,114,758
Cell_0920,NK_cells,2.7406680035907516,-2.002219382067478,93,692
Cell_0921,NK_cells,2.3455542180001014,-2.713514240935855,94,704
Cell_0922,NK_cells,1.9839257575725107,-2.458855564781404,99,722
Cell_0923,NK_cells,1.5025397080544542,-2.6907568255831693,108,651
Cell_0924,NK_cells,0.1511773871414297,-1.0829316507434483,103,671
Cell_0925,NK_cells,3.27343231660762,-1.8896507036215144,102,734
Cell_0926,NK_cells,2.0660527003348976,-2.759451694654468,109,691
Cell_0927,NK_cells,2.529178165303432,-3.2269871066446196,107,744
Cell_0928,NK_cells,3.352427692836599,-2.6503015251145574,107,730
Cell_0929,NK_cells,2.828122948101466,-2.3933238672642005,108,769
Cell_0930,NK_cells,1.3075736632734771,-1.5858423482657218,121,850
Cell_0931,NK_cells,1.8089841110370217,-1.778535213670568,97,642
Cell_0932,NK_cells,3.295781247940792,-1.2812050135985444,117,763
Cell_0933,NK_cells,1.5342937728979607,-1.081528705973625,110,755
Cell_0934,NK_cells,1.9064698994661584,-2.9899722080661397,96,774
Cell_0935,NK_cells,-0.0645515184148242,-1.0861542015158792,103,727
Cell_0936,NK_cells,1.0205876453797451,-3.832460006252696,100,715
Cell_0937,NK_cells,1.3271342489834943,-2.070273704185325,105,655
Cell_0938,NK_cells,2.8523628742507388,-2.657789650751517,106,715
Cell_0939,NK_cells,1.5675481153264887,-0.9301274991834354,97,697
Cell_0940,NK_cells,2.1193446402529332,-1.5309680550010496,114,792
Cell_0941,NK_cells,1.1200537022949033,-1.188862142411971,105,769
Cell_0942,NK_cells,1.5507298370313725,-2.460579707575881,94,722
Cell_0943,NK_cells,2.545450930510963,-1.5402580944962478,100,706
Cell_0944,NK_cells,1.942819303461558,-2.1277445559136905,107,745
Cell_0945,NK_cells,2.94958805297842,-1.857570179492315,94,692
Cell_0946,NK_cells,2.5818105552743265,-0.6705840143427966,98,706
Cell_0947,NK_cells,1.8121004558296898,-2.7957921388506843,108,740
Cell_0948,NK_cells,2.4863715744390085,0.12830690588096383,92,703
Cell_0949,NK_cells,-0.060178022535811504,-2.0702366867883417,105,721
Cell_0950,NK_cells,2.5860953938278355,-2.999685427700328,100,735
Cell_0951,NK_cells,1.8862240768140972,-1.4294289483780596,102,724
Cell_0952,NK_cells,2.241848996195317,-3.6745502535306045,114,791
Cell_0953,NK_cells,1.7943867911265166,-3.182675135375564,121,797
Cell_0954,NK_cells,1.9416233606580588,-1.840848025375439,120,756
Cell_0955,NK_cells,1.6524094952893116,-1.5425831235205187,103,662
Cell_0956,NK_cells,1.8331620845891916,-2.2579312421526483,102,690
Cell_0957,NK_cells,1.7154804676391597,-2.9698415784650596,96,692
Cell_0958,NK_cells,0.2585140637030001,-1.9765010320745884,105,717
Cell_0959,NK_cells,2.454308886941061,-1.3101381184361096,116,801
Cell_0960,NK_cells,2.5030021692196476,-2.1864548352964226,103,723
Cell_0961,NK_cells,1.4923254381743942,-1.6787743857338369,112,734
Cell_0962,NK_cells,2.8053507335599783,-2.1693734552348403,102,693
Cell_0963,NK_cells,0.9975723396896585,-1.853635268135549,110,634
Cell_0964,NK_cells,1.815614557045176,-1.4245105360520147,102,726
Cell_0965,NK_cells,0.7964858631087282,-1.2205975820334554,105,698
Cell_0966,NK_cells,2.419621449475783,-3.139857338145828,106,727
Cell_0967,NK_cells,2.3666688320818543,-3.218086866493807,114,778
Cell_0968,NK_cells,2.7289722065810778,-0.7674319385493231,101,719
Cell_0969,NK_cells,2.025592632540947,-1.1969242409817045,113,788
Cell_0970,NK_cells,3.3036267212653874,-2.44664401849751,104,756
Cell_0971,NK_cells,1.6993237853421816,-2.065811837999312,107,707
Cell_0972,NK_cells,2.814625079700077,-2.512795778114222,110,776
Cell_0973,NK_cells,3.8631645357615456,-1.0031845374781845,107,720
Cell_0974,NK_cells,1.9172732927945237,-2.2919010998596723,114,799
Cell_0975,NK_cells,1.517578056084487,-1.9658967796288147,98,715
Cell_0976,NK_cells,1.5251294154700494,-1.3775476539820741,99,677
Cell_0977,NK_cells,-0.33287149152867546,-1.346522784901222,99,705
Cell_0978,NK_cells,1.6834307734764336,-0.715624751666033,104,728
Cell_0979,NK_cells,2.786006234090126,-1.5931222346272258,101,722
Cell_0980,NK_cells,1.9096000899847885,-2.676699893741033,97,651
Cell_0981,NK_cells,1.9316147486745174,-2.234165083027038,112,726
Cell_0982,NK_cells,2.116594971320382,-2.265735164920435,93,714
Cell_0983,NK_cells,2.185434797564807,-1.3933343404308252,106,701
Cell_0984,NK_cells,1.9049607104598987,-1.4218442560435722,100,723
Cell_0985,NK_cells,1.2946726837278613,-1.990535532836924,104,708
Cell_0986,NK_cells,1.824094404636455,-1.0279759788807992,103,735
Cell_0987,NK_cells,1.642246523743581,-2.132751484119068,97,742
Cell_0988,NK_cells,0.6570558093114043,-2.9706147480853433,102,740
Cell_0989,NK_cells,2.3104961204387333,-1.6953006538643383,107,656
Cell_0990,NK_cells,1.3882150959097064,-3.0844301985829228,93,696
Cell_0991,NK_cells,2.221699656730756,-1.687160794893718,97,693
Cell_0992,NK_cells,0.3720227324448828,-2.770333561674243,97,710
Cell_0993,NK_cells,1.9283594741868288,-2.0366164820103774,104,692
Cell_0994,NK_cells,1.9043434230222724,-1.994837779166334,100,717
Cell_0995,NK_cells,1.9636008670397134,-3.5968349298920135,100,748
Cell_0996,NK_cells,1.270907908270957,-0.5025186449168997,112,772
Cell_0997,NK_cells,1.4625887163946816,-2.3841784745076016,101,721
Cell_0998,NK_cells,2.341657997522235,-2.4529497405921052,99,703
Cell_0999,NK_cells,1.921698426946441,-2.646991264578432,93,612
Cell_1000,NK_cells,2.319997944915157,-1.9786146204103587,100,721
